     Depth,Temperature,FCond 25'C
         m,      deg C,     uS/cm
      4.90,    23.7871,      -999
      4.95,    23.7695,   580.318
      5.00,    23.7871,   579.026
      5.05,    23.7871,   580.074
      5.10,    23.8046,   579.628
      5.15,    23.7871,   579.276
      5.20,    23.8046,    579.07
      5.25,    23.8046,   577.069
      5.30,    23.7871,   577.301
      5.35,    23.8046,   576.714
      5.40,    23.8038,   577.417
      5.45,    23.8046,   577.744
      5.50,    23.8038,   577.069
      5.55,    23.8046,   578.299
      5.60,    23.8221,   576.953
      5.65,    23.8046,   578.586
      5.70,    23.8206,   577.996
      5.75,    23.8221,   578.419
      5.80,    23.8206,   577.773
      5.85,    23.8397,   576.755
      5.90,    23.8221,   578.828
      5.95,    23.8572,   577.657
      6.00,    23.8397,   578.604
      6.05,    23.8748,   577.897
      6.10,     23.871,   578.497
      6.15,    23.8748,   578.333
      6.20,    23.8748,   576.871
      6.25,    23.8877,   578.031
      6.30,    23.9045,   577.563
      6.35,    23.9274,    578.24
      6.40,    23.9274,   577.594
      6.45,    23.9548,   576.666
      6.50,    23.9548,   577.043
      6.55,    23.9625,   577.154
      6.60,      23.98,   576.221
      6.65,    23.9976,   577.274
      6.70,    24.0151,    576.24
      6.75,    24.0151,   577.062
      6.80,    24.0387,   576.133
      6.85,    24.0555,   576.646
      6.90,    24.0326,   576.212
      6.95,    24.0677,   575.795
      7.00,    24.0387,   576.279
      7.05,    24.0677,   575.316
      7.10,    24.0555,   576.279
      7.15,    24.0502,   576.212
      7.20,    24.0555,   575.574
      7.25,    24.0677,   576.323
      7.30,    24.0677,   575.237
      7.35,    24.0723,   576.279
      7.40,    24.0853,   575.889
      7.45,    24.0853,     574.9
      7.50,    24.0853,   575.942
      7.55,    24.0891,     574.9
      7.60,    24.0853,   575.566
      7.65,    24.1059,   574.784
      7.70,    24.1204,   575.354
      7.75,    24.0891,   575.499
      7.80,    24.1059,    574.57
      7.85,    24.1204,   575.354
      7.90,    24.1059,   575.615
      7.95,    24.1059,   574.359
      8.00,    24.1379,   575.354
      8.05,    24.1059,   575.277
      8.10,    24.1379,   574.469
      8.15,    24.1226,   575.393
      8.20,    24.1379,   575.364
      8.25,    24.1226,   574.352
      8.30,    24.1562,   575.364
      8.35,    24.1204,   575.052
      8.40,    24.1562,   574.573
      8.45,    24.1394,   574.941
      8.50,    24.1394,   575.263
      8.55,     24.173,   574.268
      8.60,    24.1562,   575.067
      8.65,    24.1554,   575.052
      8.70,     24.173,   574.247
      8.75,     24.173,   574.841
      8.80,     24.173,   574.026
      8.85,     24.173,   575.183
      8.90,    24.1554,   574.951
      8.95,    24.1905,   574.478
      9.00,    24.1562,   575.078
      9.05,    24.1898,   574.277
      9.10,     24.173,   574.851
      9.15,     24.173,   575.299
      9.20,     24.173,   574.177
      9.25,    24.1905,   575.062
      9.30,     24.173,   575.078
      9.35,    24.2081,   574.066
      9.40,    24.1898,   574.973
      9.45,    24.1898,   574.962
      9.50,    24.1898,   573.966
      9.55,    24.2081,   575.073
      9.60,    24.1905,   574.973
      9.65,    24.2081,   574.383
      9.70,    24.1898,   575.205
      9.75,    24.2081,   574.076
      9.80,    24.2065,   575.205
      9.85,    24.2065,   574.751
      9.90,    24.2065,   573.755
      9.95,    24.2256,   574.861
     10.00,    24.1898,   574.753
     10.05,    24.2256,   573.966
     10.10,    24.2233,   574.869
     10.15,    24.2065,    574.65
     10.20,    24.2431,   573.866
     10.25,    24.2081,   574.648
     10.30,    24.2256,   574.163
     10.35,    24.2401,   574.984
     10.40,    24.2081,    574.44
     10.45,    24.2431,   574.279
     10.50,    24.2065,   574.532
     10.55,    24.2233,   573.755
     10.60,    24.2233,    574.54
     10.65,    24.2256,    574.54
     10.70,    24.2233,   573.712
     10.75,    24.2233,    574.54
     10.80,    24.2401,    574.54
     10.85,    24.2233,   574.329
     10.90,    24.2233,   573.545
     10.95,    24.2431,    574.54
     11.00,    24.2256,   574.648
     11.05,    24.2569,   573.712
     11.10,    24.2256,   574.008
     11.15,    24.2569,   573.596
     11.20,    24.2401,   574.008
     11.25,    24.2431,   574.218
     11.30,    24.2569,   573.261
     11.35,    24.2569,   574.008
     11.40,    24.2569,   573.897
     11.45,    24.2431,   574.008
     11.50,    24.2569,   573.261
     11.55,    24.2737,   574.008
     11.60,    24.2401,   573.687
     11.65,    24.2782,   573.114
     11.70,    24.2607,   573.976
     11.75,    24.2569,   573.157
     11.80,    24.2782,   574.008
     11.85,    24.2607,   574.092
     11.90,    24.2737,   573.157
     11.95,    24.2782,   573.797
     12.00,    24.2737,   573.052
     12.05,    24.2958,   573.797
     12.10,    24.2569,   573.756
     12.15,    24.2904,   573.124
     12.20,    24.2958,   573.587
     12.25,    24.2737,   573.988
     12.30,    24.2958,   572.804
     12.35,    24.2904,   573.988
     12.40,    24.2737,   573.587
     12.45,    24.2958,   572.914
     12.50,    24.3072,   573.872
     12.55,    24.2782,   573.487
     12.60,    24.2958,   573.168
     12.65,    24.2904,   573.872
     12.70,    24.2958,   572.814
     12.75,    24.3072,   573.988
     12.80,    24.2904,   573.487
     12.85,    24.3133,   572.814
     12.90,    24.2958,   573.652
     12.95,    24.3072,   572.948
     13.00,    24.3072,   573.487
     13.05,     24.324,   573.598
     13.10,    24.3133,   573.277
     13.15,    24.3309,   572.729
     13.20,    24.3072,   573.433
     13.25,    24.3309,   572.604
     13.30,    24.3133,   573.548
     13.35,    24.3309,   572.729
     13.40,    24.3408,   573.548
     13.45,    24.3133,   573.178
     13.50,    24.3408,   572.729
     13.55,    24.3408,   573.178
     13.60,    24.3133,   573.068
     13.65,    24.3408,   572.844
     13.70,    24.3309,   573.068
     13.75,    24.3408,   572.394
     13.80,    24.3576,   573.068
     13.85,    24.3309,   572.858
     13.90,    24.3408,   572.394
     13.95,    24.3659,   573.178
     14.00,    24.3309,    573.11
     14.05,    24.3576,   572.509
     14.10,    24.3484,   572.968
     14.15,    24.3576,   572.406
     14.20,    24.3576,   573.079
     14.25,    24.3408,   572.968
     14.30,    24.3484,   573.289
     14.35,    24.3743,    572.29
     14.40,    24.3576,   572.759
     14.45,    24.3484,   573.079
     14.50,    24.3743,   572.406
     14.55,    24.3576,   572.869
     14.60,    24.3659,   572.968
     14.65,    24.3743,   572.302
     14.70,    24.3659,   572.869
     14.75,    24.3659,   572.187
     14.80,    24.3743,   573.341
     14.85,    24.3659,   572.869
     14.90,    24.3743,   572.302
     14.95,    24.3911,   572.869
     15.00,    24.3659,   572.881
     15.05,    24.3743,   572.302
     15.10,    24.3911,    572.98
     15.15,    24.3659,    572.66
     15.20,    24.3743,   572.302
     15.25,    24.3911,    572.98
     15.30,    24.3835,    572.77
     15.35,    24.3835,   572.083
     15.40,    24.3743,   573.122
     15.45,     24.401,   571.987
     15.50,    24.3911,   572.903
     15.55,    24.3835,   572.881
     15.60,    24.3911,   572.083
     15.65,    24.4079,   572.881
     15.70,    24.3835,   572.782
     15.75,    24.3911,   572.198
     15.80,    24.3911,    572.77
     15.85,    24.3911,   572.991
     15.90,     24.401,   571.888
     15.95,    24.4079,   573.018
     16.00,    24.3743,   572.782
     16.05,    24.4079,   572.207
     16.10,    24.4186,   572.671
     16.15,    24.3835,   572.915
     16.20,    24.4186,   572.314
     16.25,    24.3911,   572.915
     16.30,    24.4186,   572.108
     16.35,    24.4079,   572.915
     16.40,    24.4079,   572.892
     16.45,    24.4186,   571.899
     16.50,    24.4247,   573.031
     16.55,    24.4079,   572.683
     16.60,    24.4361,   571.899
     16.65,    24.4247,   572.812
     16.70,    24.4247,   572.794
     16.75,    24.4361,    571.69
     16.80,    24.4247,   572.812
     16.85,    24.4361,   572.683
     16.90,    24.4361,   571.888
     16.95,    24.4186,   572.812
     17.00,    24.4415,   572.107
     17.05,    24.4415,   572.584
     17.10,    24.4415,   572.584
     17.15,    24.4361,   571.702
     17.20,    24.4415,   572.927
     17.25,    24.4415,   572.584
     17.30,    24.4415,   571.702
     17.35,    24.4537,   572.695
     17.40,    24.4415,   572.709
     17.45,    24.4415,   571.702
     17.50,    24.4582,   572.695
     17.55,    24.4361,   572.486
     17.60,    24.4537,   572.119
     17.65,    24.4582,    572.94
     17.70,    24.4361,   572.596
     17.75,    24.4712,   572.119
     17.80,    24.4415,   572.837
     17.85,    24.4582,   571.812
     17.90,    24.4712,   572.818
     17.95,    24.4415,   572.721
     18.00,    24.4582,   571.922
     18.05,    24.4712,   572.707
     18.10,    24.4582,   572.837
     18.15,     24.475,   571.713
     18.20,    24.4582,   572.498
     18.25,    24.4537,   572.707
     18.30,    24.4712,   572.016
     18.35,    24.4712,   572.953
     18.40,    24.4582,   571.797
     18.45,    24.4712,   572.928
     18.50,    24.4582,   572.953
     18.55,     24.475,   571.934
     18.60,    24.4712,   572.719
     18.65,    24.4582,   573.068
     18.70,    24.4582,   571.934
     18.75,    24.4712,   572.928
     18.80,    24.4582,   573.068
     18.85,     24.475,   572.044
     18.90,    24.4582,   572.719
     18.95,     24.475,   573.039
     19.00,    24.4582,    572.83
     19.05,    24.4887,   572.044
     19.10,     24.475,    572.85
     19.15,    24.4712,    572.83
     19.20,    24.4918,   572.144
     19.25,     24.475,   572.731
     19.30,    24.4887,    572.94
     19.35,    24.4918,   572.041
     19.40,    24.5063,   572.731
     19.45,    24.4918,   571.707
     19.50,    24.5253,   572.842
     19.55,    24.5086,   572.203
     19.60,    24.5086,   572.633
     19.65,    24.5238,   571.639
     19.70,    24.5086,    572.76
     19.75,    24.5238,   572.633
     19.80,    24.5086,   571.835
     19.85,    24.5238,   572.744
     19.90,    24.5238,    571.72
     19.95,    24.5253,   572.876
     20.00,    24.5063,   572.535
     20.05,    24.5253,   571.938
     20.10,    24.5253,   572.646
     20.15,    24.5253,   572.535
     20.20,    24.5253,   571.651
     20.25,    24.5238,   572.535
     20.30,    24.5086,   572.876
     20.35,    24.5421,   571.859
     20.40,    24.5107,   572.326
     20.45,    24.5414,   572.635
     20.50,    24.5253,   572.658
     20.55,    24.5238,   571.651
     20.60,    24.5421,   573.108
     20.65,    24.5238,   572.548
     20.70,    24.5421,   571.951
     20.75,    24.5238,   572.659
     20.80,    24.5421,   572.066
     20.85,    24.5421,   572.659
     20.90,    24.5421,   572.659
     20.95,    24.5414,   572.769
     21.00,    24.5421,   571.964
     21.05,    24.5414,   572.659
     21.10,    24.5421,   571.964
     21.15,    24.5421,   572.769
     21.20,    24.5589,    572.88
     21.25,    24.5414,    572.45
     21.30,    24.5589,    572.08
     21.35,    24.5589,   572.903
     21.40,    24.5589,   571.862
     21.45,    24.5589,   572.782
     21.50,    24.5414,   572.672
     21.55,    24.5589,   572.195
     21.60,    24.5589,   572.782
     21.65,    24.5589,   571.977
     21.70,    24.5589,   572.672
     21.75,    24.5757,   572.782
     21.80,    24.5421,   572.574
     21.85,    24.5757,   571.884
     21.90,    24.5589,   572.574
     21.95,    24.5589,   572.782
     22.00,    24.5757,   572.093
     22.05,    24.5757,   572.574
     22.10,    24.5589,   572.685
     22.15,    24.5757,   572.208
     22.20,    24.5757,   572.796
     22.25,    24.5764,   572.796
     22.30,    24.5757,   572.106
     22.35,    24.5757,   572.796
     22.40,    24.5764,   572.796
     22.45,    24.5925,   571.991
     22.50,    24.5925,   572.698
     22.55,    24.5925,   572.587
     22.60,    24.5757,   572.698
     22.65,    24.6115,    571.91
     22.70,    24.5764,   572.829
     22.75,    24.5925,   572.222
     22.80,    24.6092,   572.698
     22.85,    24.5764,   572.711
     22.90,    24.6092,   572.454
     22.95,    24.6115,   572.711
     23.00,    24.5925,   573.178
     23.05,    24.6092,   572.144
     23.10,    24.5925,   572.933
     23.15,     24.626,   573.253
     23.20,    24.5925,   572.836
     23.25,    24.6291,   572.365
     23.30,    24.6071,   573.076
     23.35,    24.6115,   572.816
     23.40,     24.626,   572.365
     23.45,    24.6291,   572.947
     23.50,    24.6092,   573.308
     23.55,     24.626,   572.268
     23.60,    24.6291,   573.058
     23.65,     24.626,   573.308
     23.70,     24.626,    572.06
     23.75,     24.626,   573.169
     23.80,    24.6428,   573.058
     23.85,    24.6092,    572.85
     23.90,    24.6466,   572.268
     23.95,    24.6428,   572.974
     24.00,     24.626,    572.85
     24.05,    24.6428,    572.17
     24.10,    24.6466,   572.961
     24.15,     24.626,    573.09
     24.20,    24.6466,    572.17
     24.25,    24.6428,   573.207
     24.30,    24.6466,   572.961
     24.35,    24.6428,   572.162
     24.40,    24.6466,   573.072
     24.45,    24.6428,   572.278
     24.50,    24.6596,   573.183
     24.55,    24.6428,   572.864
     24.60,    24.6428,   573.072
     24.65,    24.6428,   572.184
     24.70,    24.6642,   573.072
     24.75,    24.6554,   573.222
     24.80,    24.6466,   572.749
     24.85,    24.6428,   572.394
     24.90,    24.6466,   573.183
     24.95,    24.6596,   572.394
     25.00,    24.6596,   572.975
     25.05,    24.6466,   572.975
     25.10,    24.6764,   572.394
     25.15,    24.6596,   572.767
     25.20,    24.6596,   573.086
     25.25,    24.6596,   573.086
     25.30,    24.6817,   572.087
     25.35,    24.6596,    573.12
     25.40,    24.6596,   573.086
     25.45,    24.6764,   572.087
     25.50,    24.6764,   572.989
     25.55,    24.6642,   572.878
     25.60,    24.6817,   572.408
     25.65,    24.6764,   573.237
     25.70,    24.6642,   572.989
     25.75,    24.6931,   572.408
     25.80,    24.6642,   572.892
     25.85,    24.6931,   572.524
     25.90,    24.6764,   572.892
     25.95,    24.6931,   573.212
     26.00,    24.6642,   573.003
     26.05,    24.6931,   572.524
     26.10,    24.6931,   573.003
     26.15,    24.6764,   573.003
     26.20,    24.6931,   572.323
     26.25,    24.6875,   573.003
     26.30,    24.6992,   572.989
     26.35,    24.6931,   573.252
     26.40,    24.6817,   572.004
     26.45,    24.7099,   573.586
     26.50,    24.6764,   572.795
     26.55,    24.6931,   572.323
     26.60,    24.6931,   573.003
     26.65,    24.7099,   573.003
     26.70,    24.6817,   572.907
     26.75,    24.6931,   572.307
     26.80,    24.7099,   573.003
     26.85,    24.6931,   572.795
     26.90,    24.6931,   572.004
     26.95,    24.7099,   573.003
     27.00,    24.6931,   572.795
     27.05,    24.6931,   573.003
     27.10,    24.7168,   572.004
     27.15,    24.7099,   573.034
     27.20,    24.6992,   572.795
     27.25,    24.7099,   572.322
     27.30,    24.6992,   572.907
     27.35,    24.7099,   572.438
     27.40,    24.7099,   573.018
     27.45,    24.7099,   573.129
     27.50,    24.7099,   573.241
     27.55,    24.7099,    572.24
     27.60,    24.7197,   573.241
     27.65,    24.7036,   572.911
     27.70,    24.7197,   573.217
     27.75,    24.7099,   573.017
     27.80,    24.7197,   573.352
     27.85,    24.7267,   573.124
     27.90,    24.7036,   573.367
     27.95,    24.7099,    573.43
     28.00,    24.7197,   572.573
     28.05,    24.7197,   573.338
     28.10,    24.7099,   573.231
     28.15,    24.7197,   573.687
     28.20,    24.7197,   573.444
     28.25,    24.7267,   573.231
     28.30,    24.7197,   573.479
     28.35,    24.7435,   573.444
     28.40,    24.7197,   573.382
     28.45,    24.7358,   573.338
     28.50,    24.7267,   573.245
     28.55,    24.7435,   572.588
     28.60,    24.7358,   573.382
     28.65,    24.7435,   573.245
     28.70,    24.7519,   573.382
     28.75,    24.7435,   573.152
     28.80,    24.7519,   573.382
     28.85,    24.7435,   573.046
     28.90,    24.7358,   572.491
     28.95,    24.7519,   573.352
     29.00,    24.7603,   573.259
     29.05,    24.7435,   573.285
     29.10,     24.768,   573.605
     29.15,    24.7519,    573.06
     29.20,    24.7603,   573.259
     29.25,    24.7435,   573.397
     29.30,     24.768,   572.602
     29.35,    24.7603,   573.167
     29.40,    24.7519,   573.509
     29.45,     24.768,   573.473
     29.50,     24.768,   573.274
     29.55,    24.7603,   573.274
     29.60,     24.768,    573.62
     29.65,     24.784,   573.274
     29.70,    24.7603,   573.075
     29.75,     24.768,    573.62
     29.80,     24.784,   573.274
     29.85,    24.7603,   573.075
     29.90,     24.777,   572.617
     29.95,     24.768,   573.412
     30.00,     24.777,   573.274
     30.05,     24.777,   573.524
     30.10,     24.768,   573.524
     30.15,     24.777,   573.381
     30.20,     24.768,   572.632
     30.25,     24.784,   573.595
     30.30,     24.777,   573.396
     30.35,     24.784,   573.636
     30.40,     24.777,   573.289
     30.45,     24.784,   573.636
     30.50,     24.777,   573.289
     30.55,     24.784,   573.747
     30.60,     24.777,   573.396
     30.65,    24.7938,   572.632
     30.70,     24.777,    573.54
     30.75,    24.7938,   573.747
     30.80,    24.8001,    573.54
     30.85,     24.784,   573.303
     30.90,    24.7938,   573.396
     30.95,     24.784,   572.536
     31.00,    24.8001,   573.289
     31.05,    24.8001,   573.196
     31.10,     24.784,   573.089
     31.15,    24.8106,   573.289
     31.20,    24.8001,    573.22
     31.25,    24.8001,   573.089
     31.30,    24.8001,   572.983
     31.35,    24.8106,   572.983
     31.40,    24.8162,   572.997
     31.45,    24.8106,   572.677
     31.50,    24.8001,   573.108
     31.55,    24.7938,   572.876
     31.60,    24.8162,   572.313
     31.65,    24.8001,   572.677
     31.70,    24.8106,   572.769
     31.75,    24.8162,   572.997
     31.80,    24.8162,    572.57
     31.85,    24.8162,    572.57
     31.90,    24.8106,    572.57
     31.95,    24.8162,   572.997
     32.00,    24.8106,    572.57
     32.05,    24.8162,   572.885
     32.10,    24.8106,   572.677
     32.15,    24.8106,   571.883
     32.20,    24.8162,   572.997
     32.25,    24.8274,   572.677
     32.30,    24.8323,   572.678
     32.35,    24.8162,   572.478
     32.40,    24.8323,   572.677
     32.45,    24.8162,   572.478
     32.50,    24.8323,    572.57
     32.55,    24.8274,   572.371
     32.60,    24.8323,   572.678
     32.65,    24.8323,   572.371
     32.70,    24.8323,   572.371
     32.75,    24.8484,   572.371
     32.80,    24.8274,   572.173
     32.85,    24.8274,   571.787
     32.90,    24.8484,   572.789
     32.95,    24.8442,   572.279
     33.00,    24.8323,   572.582
     33.05,    24.8484,   572.585
     33.10,    24.8323,   572.279
     33.15,    24.8484,   572.478
     33.20,    24.8484,   572.279
     33.25,    24.8442,   572.279
     33.30,    24.8484,   572.582
     33.35,    24.8323,   572.279
     33.40,    24.8484,   572.478
     33.45,    24.8442,   572.279
     33.50,    24.8609,   571.691
     33.55,    24.8484,   572.486
     33.60,    24.8609,   572.386
     33.65,    24.8484,   572.375
     33.70,    24.8484,   572.386
     33.75,    24.8644,   572.386
     33.80,    24.8644,   572.188
     33.85,    24.8644,   572.188
     33.90,    24.8484,   572.081
     33.95,    24.8644,   572.279
     34.00,    24.8644,   572.188
     34.05,    24.8644,   572.081
     34.10,    24.8805,   572.188
     34.15,    24.8644,   571.989
     34.20,    24.8777,   572.188
     34.25,    24.8609,   572.279
     34.30,    24.8644,   571.485
     34.35,    24.8805,   572.188
     34.40,    24.8805,   571.989
     34.45,    24.8644,   571.989
     34.50,    24.8805,   572.188
     34.55,    24.8805,   571.989
     34.60,    24.8777,   571.989
     34.65,    24.8805,   572.279
     34.70,    24.8805,   571.989
     34.75,    24.8805,   571.989
     34.80,    24.8945,   571.989
     34.85,    24.8805,   572.072
     34.90,    24.8945,   571.989
     34.95,    24.8805,   572.183
     35.00,    24.8777,   571.989
     35.05,    24.8805,   571.389
     35.10,    24.8966,   571.989
     35.15,    24.8805,   571.898
     35.20,    24.8966,   571.989
     35.25,    24.8805,   571.791
     35.30,    24.8945,   572.096
     35.35,    24.8966,   572.072
     35.40,    24.8966,   571.791
     35.45,    24.8966,   571.791
     35.50,    24.8985,   571.791
     35.55,    24.9113,   571.635
     35.60,    24.9127,   571.754
     35.65,    24.8945,     571.7
     35.70,    24.9127,   572.183
     35.75,    24.9113,     571.7
     35.80,    24.8985,   571.865
     35.85,    24.9127,   571.635
     35.90,    24.9127,     571.7
     35.95,    24.9127,     571.7
     36.00,    24.9113,     571.7
     36.05,    24.9127,   572.088
     36.10,    24.9127,   571.593
     36.15,    24.9288,     571.7
     36.20,    24.9127,   571.502
     36.25,    24.9113,     571.7
     36.30,    24.9113,   571.087
     36.35,    24.9288,   571.977
     36.40,    24.9281,   571.502
     36.45,    24.9288,   571.881
     36.50,    24.9127,   571.608
     36.55,    24.9288,     571.7
     36.60,    24.9288,   571.608
     36.65,    24.9288,   571.608
     36.70,    24.9448,   571.715
     36.75,    24.9288,   571.786
     36.80,    24.9448,   571.608
     36.85,    24.9288,   571.517
     36.90,    24.9448,   571.822
     36.95,    24.9288,   571.624
     37.00,    24.9448,   571.715
     37.05,    24.9288,   570.896
     37.10,    24.9448,   571.822
     37.15,    24.9448,   571.624
     37.20,    24.9448,   571.898
     37.25,    24.9609,    571.73
     37.30,    24.9448,   571.426
     37.35,    24.9294,    571.73
     37.40,    24.9448,   571.562
     37.45,    24.9616,    571.73
     37.50,    24.9448,   571.691
     37.55,    24.9448,    571.73
     37.60,    24.9609,   571.624
     37.65,    24.9448,   571.639
     37.70,    24.9616,    571.73
     37.75,    24.9784,   571.802
     37.80,    24.9609,   571.596
     37.85,    24.9448,   571.532
     37.90,    24.9609,   571.118
     37.95,     24.977,   571.746
     38.00,    24.9609,   571.548
     38.05,     24.977,   571.746
     38.10,    24.9609,   571.548
     38.15,     24.977,   571.853
     38.20,     24.977,   571.655
     38.25,     24.977,   571.655
     38.30,     24.977,   571.548
     38.35,     24.977,   571.655
     38.40,     24.977,   571.548
     38.45,    24.9784,   571.762
     38.50,    24.9931,    571.93
     38.55,    24.9784,   571.564
     38.60,     24.977,    571.93
     38.65,    24.9931,   571.762
     38.70,     24.977,   571.564
     38.75,    24.9931,   571.762
     38.80,     24.977,   571.564
     38.85,    24.9931,   571.762
     38.90,     24.977,   571.564
     38.95,    24.9931,   571.869
     39.00,    24.9931,   571.564
     39.05,    24.9931,   571.564
     39.10,    24.9952,   571.671
     39.15,    24.9931,   571.836
     39.20,    24.9952,   571.671
     39.25,    24.9931,   570.833
     39.30,    25.0119,   571.671
     39.35,    25.0092,   571.741
     39.40,    24.9931,   571.473
     39.45,    25.0066,   571.778
     39.50,    25.0092,    571.33
     39.55,    25.0287,   571.687
     39.60,    25.0092,   571.646
     39.65,    25.0092,    571.58
     39.70,    25.0252,   571.687
     39.75,    25.0066,   571.489
     39.80,    25.0287,   571.535
     39.85,    25.0092,   571.758
     39.90,    25.0287,   571.687
     39.95,    25.0252,   571.758
     40.00,    25.0092,   571.596
     40.05,    25.0252,   571.794
     40.10,    25.0252,   571.596
     40.15,    25.0252,   571.703
     40.20,    25.0252,   571.596
     40.25,    25.0252,   571.703
     40.30,    25.0413,   571.703
     40.35,    25.0252,   571.505
     40.40,    25.0252,   571.596
     40.45,    25.0252,   571.703
     40.50,    25.0413,   571.703
     40.55,    25.0252,   571.399
     40.60,    25.0455,    571.81
     40.65,    25.0119,   571.775
     40.70,    25.0413,   571.295
     40.75,    25.0413,   571.719
     40.80,    25.0252,   571.719
     40.85,    25.0413,   572.024
     40.90,    25.0413,   571.826
     40.95,    25.0413,   571.933
     41.00,    25.0413,   571.826
     41.05,    25.0529,   571.933
     41.10,    25.0413,   572.404
     41.15,    25.0574,   571.933
     41.20,    25.0413,   571.736
     41.25,    25.0455,    572.04
     41.30,    25.0574,   571.217
     41.35,    25.0413,   571.843
     41.40,    25.0623,   572.148
     41.45,    25.0529,   572.016
     41.50,    25.0574,   571.684
     41.55,    25.0574,    571.95
     41.60,    25.0838,   571.843
     41.65,    25.0455,    572.23
     41.70,    25.0574,   571.329
     41.75,    25.0683,   571.843
     41.80,    25.0574,    572.42
     41.85,    25.0735,   571.843
     41.90,    25.0574,   571.645
     41.95,    25.0455,    571.95
     42.00,    25.0735,   571.329
     42.05,    25.0623,   571.645
     42.10,    25.0574,   572.127
     42.15,    25.0735,    571.95
     42.20,    25.0574,   571.645
     42.25,    25.0735,    571.95
     42.30,    25.0574,   571.645
     42.35,    25.0735,    571.95
     42.40,    25.0574,   571.645
     42.45,    25.0735,   571.843
     42.50,    25.0735,   571.752
     42.55,    25.0735,   571.752
     42.60,    25.0735,   571.752
     42.65,    25.0735,   571.752
     42.70,    25.0791,   571.752
     42.75,    25.0735,   571.921
     42.80,    25.0791,    571.86
     42.85,    25.0735,   571.921
     42.90,    25.0735,   571.752
     42.95,    25.0896,    571.86
     43.00,    25.0735,   571.555
     43.05,    25.0896,   571.752
     43.10,    25.0896,   571.662
     43.15,    25.0735,   571.555
     43.20,    25.0896,    571.86
     43.25,    25.0896,   571.555
     43.30,    25.0896,   571.662
     43.35,    25.1056,   571.769
     43.40,    25.0791,   571.465
     43.45,    25.0958,    571.14
     43.50,    25.0896,   571.939
     43.55,    25.0958,   571.769
     43.60,    25.0896,   571.939
     43.65,    25.1056,   571.769
     43.70,    25.0896,   571.572
     43.75,    25.0896,   571.769
     43.80,    25.1056,   571.769
     43.85,    25.0896,   571.572
     43.90,    25.1056,   571.769
     43.95,    25.0958,   571.572
     44.00,    25.1056,   572.051
     44.05,    25.0896,   571.679
     44.10,    25.0958,   571.984
     44.15,    25.1056,   571.157
     44.20,    25.0958,   571.786
     44.25,    25.1056,   572.163
     44.30,    25.1126,   571.786
     44.35,    25.1056,   571.957
     44.40,    25.1056,   571.893
     44.45,    25.1056,   571.786
     44.50,    25.1217,   571.786
     44.55,    25.1056,   571.482
     44.60,    25.1056,   571.679
     44.65,    25.1056,   571.679
     44.70,    25.1217,   571.786
     44.75,    25.1126,   571.482
     44.80,    25.0958,   571.957
     44.85,    25.1217,   571.157
     44.90,    25.1126,   571.696
     44.95,    25.1126,   572.181
     45.00,    25.1217,   572.069
     45.05,    25.1217,   571.696
     45.10,    25.1126,   571.803
     45.15,    25.1217,   572.181
     45.20,    25.1056,   571.696
     45.25,    25.1217,   572.001
     45.30,    25.0958,   571.696
     45.35,    25.1217,    571.38
     45.40,    25.1217,   571.696
     45.45,    25.1217,   571.803
     45.50,    25.1217,   571.803
     45.55,    25.1294,   571.803
     45.60,    25.1294,   571.975
     45.65,    25.1217,   571.975
     45.70,    25.1217,   571.696
     45.75,    25.1217,   571.696
     45.80,    25.1217,   571.696
     45.85,    25.1217,   571.803
     45.90,    25.1294,   571.696
     45.95,    25.1217,   571.863
     46.00,    25.1217,   571.696
     46.05,    25.1378,   571.696
     46.10,    25.1217,   571.499
     46.15,    25.1217,   571.696
     46.20,    25.1217,   571.696
     46.25,    25.1294,   571.803
     46.30,    25.1217,   570.969
     46.35,    25.1294,    571.91
     46.40,    25.1217,   571.863
     46.45,    25.1378,    571.91
     46.50,    25.1217,   571.499
     46.55,    25.1217,   571.589
     46.60,    25.1378,   571.696
     46.65,    25.1294,   571.606
     46.70,    25.1378,   571.975
     46.75,    25.1217,   571.606
     46.80,    25.1378,    571.91
     46.85,    25.1378,   571.713
     46.90,    25.1378,    571.82
     46.95,    25.1462,   571.928
     47.00,    25.1217,   572.105
     47.05,    25.1294,   572.232
     47.10,    25.1378,   571.304
     47.15,    25.1378,   572.035
     47.20,    25.1539,   572.035
     47.25,    25.1378,   571.838
     47.30,    25.1378,   571.928
     47.35,    25.1378,    571.82
     47.40,    25.1539,   571.928
     47.45,    25.1455,   571.731
     47.50,    25.1539,   572.606
     47.55,    25.1378,   571.731
     47.60,    25.1539,   571.928
     47.65,    25.1294,   571.731
     47.70,    25.1539,   571.192
     47.75,    25.1378,   571.731
     47.80,    25.1539,   571.928
     47.85,    25.1539,   571.731
     47.90,    25.1378,   571.731
     47.95,    25.1539,   571.928
     48.00,    25.1539,   571.623
     48.05,    25.1539,   571.838
     48.10,    25.1539,   571.838
     48.15,    25.1539,   571.731
     48.20,    25.1539,   571.731
     48.25,    25.1539,   571.838
     48.30,     25.163,   571.838
     48.35,      25.17,   572.011
     48.40,    25.1539,   571.748
     48.45,     25.163,   571.838
     48.50,      25.17,   572.123
     48.55,    25.1539,   571.748
     48.60,      25.17,   571.945
     48.65,    25.1539,   571.748
     48.70,      25.17,   571.945
     48.75,    25.1609,   571.748
     48.80,    25.1539,   571.695
     48.85,    25.1764,   571.838
     48.90,    25.1539,   571.403
     48.95,      25.17,   571.945
     49.00,      25.17,   571.748
     49.05,      25.17,   571.855
     49.10,    25.1797,   571.963
     49.15,      25.17,   571.917
     49.20,      25.17,   571.855
     49.25,      25.17,   571.963
     49.30,      25.17,   571.963
     49.35,     25.186,   571.963
     49.40,      25.17,   571.658
     49.45,      25.17,   571.855
     49.50,      25.17,   571.855
     49.55,     25.186,   571.855
     49.60,      25.17,   571.658
     49.65,     25.186,   571.855
     49.70,      25.17,   571.766
     49.75,    25.1797,   571.855
     49.80,     25.186,   572.029
     49.85,    25.1797,   571.658
     49.90,     25.186,   572.142
     49.95,      25.17,   571.658
     50.00,     25.186,   571.855
     50.05,      25.17,   571.658
     50.10,     25.186,   571.641
     50.15,     25.186,   571.551
     50.20,     25.186,   571.444
     50.25,     25.186,   571.337
     50.30,     25.186,    571.23
     50.35,    25.1764,   571.122
     50.40,     25.186,   571.095
     50.45,    25.1965,    571.23
     50.50,     25.186,   571.376
     50.55,    25.1797,    571.23
     50.60,     25.186,   570.465
     50.65,     25.186,    571.23
     50.70,     25.186,   571.122
     50.75,    25.1965,    571.23
     50.80,    25.2021,   571.153
     50.85,     25.186,   570.712
     50.90,     25.186,   570.908
     50.95,    25.2021,   570.908
     51.00,    25.2021,   570.498
     51.05,    25.2021,   570.605
     51.10,     25.186,   570.605
     51.15,    25.2133,   570.695
     51.20,    25.2021,   570.612
     51.25,    25.2133,   570.498
     51.30,    25.2021,   570.724
     51.35,    25.1965,   570.605
     51.40,    25.2021,   570.148
     51.45,    25.2021,   570.819
     51.50,    25.2182,   570.819
     51.55,    25.2021,   570.622
     51.60,    25.2182,   570.819
     51.65,    25.2021,   570.622
     51.70,    25.2182,   570.819
     51.75,    25.2227,   570.515
     51.80,    25.2182,   571.248
     51.85,    25.2182,   570.729
     51.90,    25.1965,   570.622
     51.95,    25.2182,   570.148
     52.00,    25.2301,   570.729
     52.05,    25.2182,   570.742
     52.10,    25.2182,   570.729
     52.15,    25.2343,   570.729
     52.20,    25.2182,   570.426
     52.25,    25.2182,   570.729
     52.30,    25.2343,   570.622
     52.35,    25.2182,   570.426
     52.40,    25.2343,   570.622
     52.45,    25.2343,   570.426
     52.50,    25.2343,   570.319
     52.55,    25.2343,   570.426
     52.60,    25.2301,   570.319
     52.65,    25.2469,   570.854
     52.70,    25.2343,   570.649
     52.75,    25.2504,   570.533
     52.80,    25.2343,   570.551
     52.85,    25.2343,    570.64
     52.90,    25.2301,   570.747
     52.95,    25.2504,   570.073
     53.00,    25.2469,   570.551
     53.05,    25.2504,   570.761
     53.10,    25.2343,   570.551
     53.15,    25.2504,    570.64
     53.20,    25.2504,   570.444
     53.25,    25.2504,   570.551
     53.30,    25.2469,   570.658
     53.35,    25.2664,   570.873
     53.40,    25.2469,   570.354
     53.45,    25.2504,   570.984
     53.50,    25.2664,   570.551
     53.55,    25.2469,   570.354
     53.60,    25.2504,   569.757
     53.65,    25.2504,   570.551
     53.70,    25.2664,   570.551
     53.75,    25.2664,   570.248
     53.80,    25.2504,   570.248
     53.85,    25.2664,   570.444
     53.90,    25.2636,   570.354
     53.95,    25.2664,   570.556
     54.00,    25.2804,   570.354
     54.05,    25.2636,   570.351
     54.10,    25.2636,   570.668
     54.15,    25.2664,   569.441
     54.20,    25.2804,   570.354
     54.25,    25.2664,   570.351
     54.30,    25.2804,   570.248
     54.35,    25.2664,   570.463
     54.40,    25.2664,   570.461
     54.45,    25.2825,   570.248
     54.50,    25.2804,   570.052
     54.55,    25.2664,   570.351
     54.60,    25.2825,   570.248
     54.65,    25.2825,   570.052
     54.70,    25.2825,   569.945
     54.75,    25.2636,   570.052
     54.80,    25.2825,   569.441
     54.85,    25.2804,   569.945
     54.90,    25.2825,   570.128
     54.95,    25.2825,   569.945
     55.00,    25.2804,   569.838
     55.05,    25.2986,   570.128
     55.10,    25.2825,   569.535
     55.15,    25.2825,   569.838
     55.20,    25.2972,   569.624
     55.25,    25.2825,   569.812
     55.30,    25.2804,   569.624
     55.35,    25.2986,   568.904
     55.40,    25.2986,   569.535
     55.45,     25.314,   569.535
     55.50,     25.314,   569.719
     55.55,     25.314,   569.831
     55.60,    25.3153,   569.831
     55.65,    25.3147,   569.298
     55.70,    25.3153,    569.66
     55.75,    25.3308,   569.605
     55.80,    25.3308,   570.094
     55.85,    25.3174,   569.792
     55.90,    25.3308,   569.866
     55.95,    25.3308,   570.109
     56.00,    25.3308,   570.029
     56.05,    25.3445,   570.121
     56.10,    25.3308,   569.953
     56.15,    25.3308,   570.121
     56.20,    25.3445,   570.305
     56.25,    25.3308,    570.32
     56.30,    25.3445,   570.235
     56.35,    25.3441,    570.32
     56.40,    25.3441,   571.049
     56.45,    25.3445,   570.162
     56.50,    25.3441,   570.412
     56.55,    25.3574,    570.25
     56.60,    25.3445,   570.177
     56.65,    25.3707,   570.504
     56.70,    25.3574,   570.903
     56.75,    25.3707,   570.177
     56.80,    25.3574,   570.192
     56.85,     25.384,   570.177
     56.90,    25.3574,   570.652
     56.95,    25.3707,   570.177
     57.00,    25.3822,   569.926
     57.05,    25.3565,   570.401
     57.10,    25.3707,   569.943
     57.15,    25.3822,   570.104
     57.20,    25.3565,   570.487
     57.25,    25.3822,   570.028
     57.30,    25.3707,   570.487
     57.35,    25.3822,   570.104
     57.40,    25.3822,   570.487
     57.45,    25.3822,   569.801
     57.50,     25.384,   570.487
     57.55,    25.3707,   569.765
     57.60,     25.384,   569.838
     57.65,    25.3973,   569.588
     57.70,    25.3694,   570.223
     57.75,    25.3951,   569.444
     57.80,    25.3822,   569.816
     57.85,    25.3822,   569.117
     57.90,     25.384,   569.887
     57.95,    25.3822,   569.234
     58.00,    25.3951,   568.946
     58.05,    25.3822,   569.559
     58.10,    25.3822,   568.861
     58.15,     25.384,    569.63
     58.20,    25.3951,    568.88
     58.25,     25.384,   569.046
     58.30,     25.384,   568.527
     58.35,     25.384,   568.439
     58.40,    25.3951,   568.175
     58.45,    25.3822,   568.619
     58.50,    25.3822,   567.838
     58.55,    25.3822,   568.434
     58.60,    25.3973,   567.498
     58.65,    25.3694,   568.278
     58.70,    25.3822,   567.654
     58.75,    25.3694,   568.264
     58.80,    25.3822,   567.654
     58.85,    25.3707,   568.349
     58.90,    25.3707,   567.896
     58.95,     25.384,   567.984
     59.00,    25.3822,   567.823
     59.05,    25.3694,   568.519
     59.10,    25.3694,   567.909
     59.15,    25.3565,   568.761
     59.20,    25.3822,    568.32
     59.25,    25.3565,   568.605
     59.30,    25.3694,   568.235
     59.35,    25.3574,   569.102
     59.40,    25.3714,    568.85
     59.45,    25.3511,   569.145
     59.50,    25.3604,   568.718
     59.55,    25.3409,    568.98
     59.60,     25.362,   568.774
     59.65,    25.3409,   569.433
     59.70,    25.3583,   568.774
     59.75,    25.3391,   568.931
     59.80,    25.3375,    568.69
     59.85,    25.3425,   569.047
     59.90,    25.3308,   569.003
     59.95,    25.3189,   569.187
     60.00,    25.3192,    569.32
     60.05,    25.3074,    569.18
     60.10,    25.3132,   569.377
     60.15,    25.3055,   569.259
     60.20,    25.3103,   569.274
