     Depth,Temperature,TN FCond 25'C,  Depth ft
         m,      deg C,        uS/cm,        ft
     2.675,    23.3446,         -999,   8.77488
     2.725,    23.3204,       77.868,   8.93891
     2.775,    23.3204,      77.9102,   9.10296
     2.825,    23.3113,      77.9102,   9.26701
     2.875,    23.2961,       77.926,   9.43104
     2.925,    23.2885,      77.9524,   9.59509
     2.975,    23.2885,      77.9656,   9.75912
     3.025,    23.2885,      77.9656,   9.92317
     3.075,    23.2759,      77.9656,   10.0872
     3.125,    23.2718,      77.9876,   10.2512
     3.175,    23.2476,      77.9946,   10.4153
     3.225,    23.2476,      78.0369,   10.5793
     3.275,    23.2476,      78.0369,   10.7434
     3.325,    23.2203,      78.0369,   10.9074
     3.375,    23.2233,      78.0845,   11.0715
     3.425,     23.199,      78.0792,   11.2355
     3.475,     23.199,      78.1216,   11.3995
     3.525,    23.1975,      78.1216,   11.5636
     3.575,    23.1975,      78.1243,   11.7276
     3.625,     23.199,      78.1243,   11.8917
     3.675,    23.1748,      82.7356,   12.0557
     3.725,    23.1975,       324.11,   12.2197
     3.775,    23.1975,      544.544,   12.3838
     3.825,    23.1748,       544.84,   12.5479
     3.875,    23.1975,      544.952,   12.7119
     3.925,    23.1975,       544.84,   12.8759
     3.975,    23.2203,      544.692,     13.04
     4.025,     23.199,      544.267,    13.204
     4.075,    23.1975,      544.852,   13.3681
     4.125,     23.199,      544.544,   13.5321
     4.175,    23.1975,      544.852,   13.6961
     4.225,     23.199,      544.544,   13.8602
     4.275,     23.199,      543.275,   14.0242
     4.325,    23.2203,       545.01,   14.1883
     4.375,    23.2233,      544.267,   14.3523
     4.425,    23.1975,      545.031,   14.5163
     4.475,    23.2233,      544.989,   14.6804
     4.525,    23.2203,      544.714,   14.8444
     4.575,    23.2203,      544.563,   15.0085
     4.625,    23.1975,      544.267,   15.1725
     4.675,    23.2203,       544.84,   15.3366
     4.725,    23.2233,      544.415,   15.5006
     4.775,    23.2203,      543.452,   15.6646
     4.825,     23.243,      544.267,   15.8287
     4.875,    23.2203,      544.731,   15.9927
     4.925,     23.243,      544.267,   16.1568
     4.975,    23.2233,      543.842,   16.3208
     5.025,     23.243,       544.24,   16.4848
     5.075,     23.243,      543.252,   16.6489
     5.125,    23.2476,      543.842,   16.8129
     5.175,    23.2203,      544.103,    16.977
     5.225,     23.243,      544.415,    17.141
     5.275,    23.2476,      543.547,   17.3051
     5.325,    23.2604,      544.419,   17.4691
     5.375,     23.243,      542.936,   17.6331
     5.425,    23.2658,      544.434,   17.7972
     5.475,     23.243,      543.123,   17.9612
     5.525,    23.2476,      542.221,   18.1253
     5.575,    23.2658,      541.588,   18.2893
     5.625,     23.243,      541.065,   18.4533
     5.675,    23.2588,      541.194,   18.6174
     5.725,    23.2658,      539.678,   18.7814
     5.775,     23.274,      540.626,   18.9455
     5.825,     23.274,      541.965,   19.1095
     5.875,    23.2409,      539.624,   19.2736
     5.925,     23.274,      541.086,   19.4376
     5.975,    23.2658,      540.473,   19.6016
     6.025,    23.2818,      541.016,   19.7657
     6.075,    23.2604,      540.329,   19.9297
     6.125,    23.2868,      539.764,   20.0938
     6.175,    23.2588,      542.223,   20.2578
     6.225,    23.2868,      539.857,   20.4218
     6.275,    23.2788,      540.778,   20.5859
     6.325,    23.2868,      541.557,     20.75
     6.375,    23.2961,      540.778,    20.914
     6.425,    23.2868,      540.845,    21.078
     6.475,    23.2868,      542.042,   21.2421
     6.525,    23.2961,      542.223,   21.4061
     6.575,    23.3148,      541.432,   21.5702
     6.625,    23.2868,       540.44,   21.7342
     6.675,    23.3148,      541.499,   21.8982
     6.725,    23.3148,      543.699,   22.0623
     6.775,    23.3707,      543.335,   22.2263
     6.825,    23.3148,      544.298,   22.3904
     6.875,    23.3148,      542.972,   22.5544
     6.925,    23.3427,      542.972,   22.7184
     6.975,    23.3707,       542.27,   22.8825
     7.025,    23.3307,      543.567,   23.0465
     7.075,    23.3427,      542.104,   23.2106
     7.125,    23.3707,      542.451,   23.3746
     7.175,    23.3427,       543.75,   23.5387
     7.225,    23.3707,      542.633,   23.7027
     7.275,    23.3427,      542.294,   23.8667
     7.325,    23.3707,      542.633,   24.0308
     7.375,    23.3707,      544.115,   24.1948
     7.425,    23.3707,      542.476,   24.3589
     7.475,    23.3427,      542.657,   24.5229
     7.525,    23.3987,      542.996,   24.6869
     7.575,    23.3707,      543.776,    24.851
     7.625,    23.3707,      542.476,    25.015
     7.675,    23.3707,      542.476,   25.1791
     7.725,    23.3707,      542.294,   25.3431
     7.775,    23.3707,      542.839,   25.5072
     7.825,    23.3707,      540.666,   25.6712
     7.875,    23.3707,      541.027,   25.8352
     7.925,    23.3987,      541.208,   25.9993
     7.975,    23.3707,      542.501,   26.1633
     8.025,    23.3707,      540.846,   26.3274
     8.075,    23.3707,      541.027,   26.4914
     8.125,    23.4267,      541.027,   26.6554
     8.175,    23.3707,      542.344,   26.8195
     8.225,    23.3871,       541.75,   26.9835
     8.275,    23.3987,      542.097,   27.1476
     8.325,    23.3987,      541.594,   27.3116
     8.375,    23.4267,      541.775,   27.4757
     8.425,    23.3827,      543.072,   27.6397
     8.475,    23.3987,      541.644,   27.8037
     8.525,    23.4267,      541.956,   27.9678
     8.575,    23.3987,      542.526,   28.1318
     8.625,    23.3987,      541.412,   28.2959
     8.675,    23.3987,      541.594,   28.4599
     8.725,    23.4547,      541.956,   28.6239
     8.775,    23.3987,      543.281,    28.788
     8.825,    23.3987,      542.319,    28.952
     8.875,    23.4267,      542.501,   29.1161
     8.925,    23.4267,      542.163,   29.2801
     8.975,    23.3987,      543.072,   29.4442
     9.025,    23.4267,      542.137,   29.6082
     9.075,    23.4267,      542.163,   29.7723
     9.125,    23.4267,      542.163,   29.9363
     9.175,    23.4267,      543.985,   30.1003
     9.225,    23.4267,      542.344,   30.2644
     9.275,    23.4267,      542.344,   30.4284
     9.325,    23.4347,      542.526,   30.5925
     9.375,    23.4267,      543.549,   30.7565
     9.425,    23.4267,      542.344,   30.9205
     9.475,    23.4547,      542.526,   31.0846
     9.525,    23.4267,      543.829,   31.2486
     9.575,    23.4267,      542.708,   31.4127
     9.625,    23.4547,      542.708,   31.5767
     9.675,    23.4547,      542.552,   31.7408
     9.725,    23.4547,      544.012,   31.9048
     9.775,    23.4267,      542.734,   32.0688
     9.825,    23.4547,       542.89,   32.2329
     9.875,    23.4547,      542.734,   32.3969
     9.925,    23.4547,      544.378,    32.561
     9.975,    23.4267,      542.734,    32.725
    10.025,    23.4547,      543.254,    32.889
    10.075,    23.4867,      542.916,   33.0531
    10.125,    23.4547,      543.768,   33.2171
    10.175,    23.4827,      542.916,   33.3812
    10.225,    23.4607,       542.76,   33.5452
    10.275,    23.4827,      543.913,   33.7093
    10.325,    23.4781,      542.396,   33.8733
    10.375,    23.4827,      542.969,   34.0373
    10.425,    23.4827,      542.396,   34.2014
    10.475,    23.4827,      544.039,   34.3654
    10.525,    23.4827,       542.76,   34.5295
    10.575,    23.4827,      542.578,   34.6935
    10.625,    23.5107,      542.578,   34.8575
    10.675,    23.4827,      543.883,   35.0216
    10.725,    23.4607,      542.578,   35.1856
    10.775,    23.5107,      542.388,   35.3497
    10.825,    23.4827,      543.883,   35.5137
    10.875,    23.4827,      542.396,   35.6778
    10.925,    23.5127,      542.578,   35.8418
    10.975,    23.4827,      543.454,   36.0058
    11.025,    23.5107,      542.578,   36.1699
    11.075,    23.4781,      542.059,   36.3339
    11.125,    23.5107,      542.771,    36.498
    11.175,    23.5107,      542.423,    36.662
    11.225,    23.4827,      544.067,    36.826
    11.275,    23.5107,       542.76,   36.9901
    11.325,    23.4827,      542.423,   37.1541
    11.375,    23.5107,       542.76,   37.3182
    11.425,    23.4867,      544.067,   37.4822
    11.475,    23.5107,      542.582,   37.6463
    11.525,    23.5107,      542.605,   37.8103
    11.575,    23.5107,       544.25,   37.9744
    11.625,    23.4867,      542.605,   38.1384
    11.675,    23.5107,      542.751,   38.3024
    11.725,    23.5107,       544.25,   38.4665
    11.775,    23.4827,      542.787,   38.6305
    11.825,    23.5107,      542.943,   38.7946
    11.875,    23.5107,      542.787,   38.9586
    11.925,    23.5107,      544.433,   39.1227
    11.975,    23.5107,      542.787,   39.2867
    12.025,    23.4827,       542.97,   39.4507
    12.075,    23.5387,      543.125,   39.6148
    12.125,    23.5107,      544.278,   39.7788
    12.175,    23.4867,       542.97,   39.9429
    12.225,    23.5387,       542.92,   40.1069
    12.275,    23.5107,      544.462,   40.2709
    12.325,    23.5107,       542.97,    40.435
    12.375,    23.5387,      543.152,    40.599
    12.425,    23.5107,       543.99,   40.7631
    12.475,    23.5107,      543.152,   40.9271
    12.525,    23.5107,      543.152,   41.0911
    12.575,    23.5667,      543.152,   41.2552
    12.625,    23.5107,      544.124,   41.4192
    12.675,    23.5387,      543.335,   41.5833
    12.725,    23.5387,       543.18,   41.7473
    12.775,    23.5667,       543.18,   41.9114
    12.825,    23.5387,      544.491,   42.0754
    12.875,    23.5387,      543.362,   42.2394
    12.925,    23.5387,      543.545,   42.4035
    12.975,    23.5647,      543.545,   42.5675
    13.025,    23.5387,      544.358,   42.7316
    13.075,    23.5387,      543.728,   42.8956
    13.125,    23.5647,      543.362,   43.0597
    13.175,    23.5667,      544.187,   43.2237
    13.225,    23.5387,      543.025,   43.3877
    13.275,    23.5667,      542.997,   43.5518
    13.325,    23.5667,      544.307,   43.7158
    13.375,    23.5387,       542.66,   43.8799
    13.425,    23.5667,       543.18,   44.0439
    13.475,    23.5667,      542.477,   44.2079
    13.525,    23.5387,      544.307,    44.372
    13.575,    23.5667,      543.362,    44.536
    13.625,    23.5667,       542.66,   44.7001
    13.675,    23.5647,      542.842,   44.8641
    13.725,    23.5667,      544.017,   45.0282
    13.775,    23.5667,      543.025,   45.1922
    13.825,    23.5647,      542.842,   45.3562
    13.875,    23.5667,      543.846,   45.5203
    13.925,    23.5667,      542.295,   45.6843
    13.975,    23.5947,      542.842,   45.8484
    14.025,    23.5387,      544.704,   46.0124
    14.075,    23.5647,      541.722,   46.1764
    14.125,    23.5691,      541.305,   46.3405
    14.175,    23.5667,      541.281,   46.5045
    14.225,    23.5667,      544.491,   46.6686
    14.275,    23.5387,      540.297,   46.8326
    14.325,    23.5647,      540.633,   46.9967
    14.375,    23.5387,      541.474,   47.1607
    14.425,    23.5667,      540.633,   47.3247
    14.475,    23.5387,      540.478,   47.4888
    14.525,    23.5647,      540.814,   47.6528
    14.575,    23.5667,      541.643,   47.8169
    14.625,    23.5667,      540.478,   47.9809
    14.675,    23.5907,      540.478,    48.145
    14.725,    23.5667,      541.331,    48.309
    14.775,    23.5667,      540.478,    48.473
    14.825,    23.5947,      540.478,   48.6371
    14.875,    23.5947,      541.958,   48.8011
    14.925,    23.5947,      540.143,   48.9652
    14.975,    23.5667,      540.324,   49.1292
    15.025,    23.6227,       540.66,   49.2932
    15.075,    23.5667,      541.622,   49.4573
    15.125,    23.5907,      540.478,   49.6213
    15.175,    23.6227,      540.152,   49.7854
    15.225,    23.5667,       541.44,   49.9494
    15.275,    23.5907,      540.841,   50.1135
    15.325,    23.6227,      539.984,   50.2775
    15.375,    23.5667,      541.804,   50.4415
    15.425,    23.5907,       540.66,   50.6056
    15.475,    23.6227,      540.152,   50.7696
    15.525,    23.6227,      541.804,   50.9337
    15.575,    23.5947,       540.17,   51.0977
    15.625,    23.5947,      540.505,   51.2618
    15.675,    23.6227,      540.686,   51.4258
    15.725,    23.6227,      541.986,   51.5898
    15.775,    23.5947,      540.351,   51.7539
    15.825,    23.6227,      540.686,   51.9179
    15.875,    23.6227,      540.351,    52.082
    15.925,    23.6167,      542.169,    52.246
    15.975,    23.6227,      540.177,     52.41
    16.025,    23.6507,      540.532,   52.5741
    16.075,    23.6167,      541.832,   52.7381
    16.125,    23.6227,      540.177,   52.9022
    16.175,    23.6227,      540.713,   53.0662
    16.225,    23.6167,      541.986,   53.2303
    16.275,    23.6227,      540.345,   53.3943
    16.325,    23.6507,      540.713,   53.5583
    16.375,    23.6227,      541.832,   53.7224
    16.425,    23.6227,      540.532,   53.8864
    16.475,    23.5947,      540.713,   54.0505
    16.525,    23.6507,      541.049,   54.2145
    16.575,    23.6227,      542.015,   54.3785
    16.625,    23.6227,      540.532,   54.5426
    16.675,    23.6167,      540.713,   54.7066
    16.725,    23.6227,      541.863,   54.8707
    16.775,    23.6227,      540.713,   55.0347
    16.825,    23.6427,      540.713,   55.1988
    16.875,    23.6227,       541.72,   55.3628
    16.925,    23.6227,      540.713,   55.5268
    16.975,    23.6227,      540.713,   55.6909
    17.025,    23.6427,      540.895,   55.8549
    17.075,    23.6227,       541.72,    56.019
    17.125,    23.6297,      540.895,    56.183
    17.175,    23.6227,      541.341,   56.3471
    17.225,    23.6507,      540.895,   56.5111
    17.275,    23.6167,      542.197,   56.6751
    17.325,    23.6507,       540.85,   56.8392
    17.375,    23.6507,      540.741,   57.0032
    17.425,    23.6227,      542.563,   57.1673
    17.475,    23.6167,      541.258,   57.3313
    17.525,    23.6507,       540.85,   57.4953
    17.575,    23.6507,      542.563,   57.6594
    17.625,    23.6167,      541.286,   57.8234
    17.675,    23.6507,      541.019,   57.9875
    17.725,    23.6507,      542.563,   58.1515
    17.775,    23.6227,      540.922,   58.3156
    17.825,    23.6601,      541.258,   58.4796
    17.875,    23.6227,      541.371,   58.6437
    17.925,    23.6601,      541.804,   58.8077
    17.975,    23.6787,      541.766,   58.9717
    18.025,    23.6227,      542.958,   59.1358
    18.075,    23.6507,      541.804,   59.2998
    18.125,    23.6601,      541.468,   59.4639
    18.175,    23.6507,      541.371,   59.6279
    18.225,    23.6787,      540.922,   59.7919
    18.275,    23.6787,      542.409,    59.956
    18.325,    23.6427,      540.587,     60.12
    18.375,    23.6787,      540.707,   60.2841
    18.425,    23.6787,      542.226,   60.4481
    18.475,    23.6507,      540.587,   60.6121
    18.525,    23.6787,      540.922,   60.7762
    18.575,    23.6787,      540.587,   60.9402
    18.625,    23.6787,      542.226,   61.1043
    18.675,    23.6787,      540.406,   61.2683
    18.725,    23.6507,      540.587,   61.4324
    18.775,    23.7067,      540.922,   61.5964
    18.825,    23.6787,      541.891,   61.7604
    18.875,    23.6507,      540.587,   61.9245
    18.925,    23.6787,      541.104,   62.0885
    18.975,    23.7067,      540.587,   62.2526
    19.025,    23.6687,      542.073,   62.4166
    19.075,    23.7067,      540.564,   62.5806
    19.125,    23.7067,      540.253,   62.7447
    19.175,    23.6687,      542.073,   62.9087
    19.225,    23.7067,      540.564,   63.0728
    19.275,    23.7067,      540.616,   63.2368
    19.325,    23.6787,      542.073,   63.4009
    19.375,    23.7067,      540.951,   63.5649
    19.425,    23.6787,      540.616,   63.7289
    19.475,    23.7347,      540.951,    63.893
    19.525,    23.6787,       541.92,    64.057
    19.575,    23.6947,      541.133,   64.2211
    19.625,    23.7347,      540.422,   64.3851
    19.675,    23.6787,       541.92,   64.5492
    19.725,    23.7207,      540.951,   64.7132
    19.775,    23.6947,      540.111,   64.8772
    19.825,    23.7207,      542.113,   65.0413
    19.875,    23.7067,      540.111,   65.2053
    19.925,    23.7207,      542.256,   65.3694
    19.975,    23.7067,       540.28,   65.5334
    20.025,    23.7207,      540.797,   65.6974
    20.075,    23.7067,      541.632,   65.8615
    20.125,    23.7067,      540.979,   66.0255
    20.175,    23.7347,      540.797,   66.1896
    20.225,    23.7067,      542.286,   66.3536
    20.275,    23.7347,      540.979,   66.5177
    20.325,    23.7067,      540.644,   66.6817
    20.375,    23.7467,      541.161,   66.8457
    20.425,    23.7067,      541.829,   67.0098
    20.475,    23.7347,      541.161,   67.1738
    20.525,    23.7347,      540.644,   67.3379
    20.575,    23.7207,      542.469,   67.5019
    20.625,    23.7347,      540.617,    67.666
    20.675,    23.7347,      540.826,     67.83
    20.725,    23.7347,      542.286,    67.994
    20.775,    23.7207,      540.826,   68.1581
    20.825,    23.7627,      540.786,   68.3221
    20.875,    23.7347,       541.95,   68.4862
    20.925,    23.7347,      541.008,   68.6502
    20.975,    23.7347,      541.008,   68.8142
    21.025,    23.7467,      541.008,   68.9783
    21.075,    23.7347,      541.998,   69.1423
    21.125,    23.7347,      541.008,   69.3064
    21.175,    23.7727,      541.008,   69.4704
    21.225,    23.7347,      541.857,   69.6345
    21.275,    23.7347,      541.008,   69.7985
    21.325,    23.7907,      541.008,   69.9625
    21.375,    23.7467,      542.164,   70.1266
    21.425,    23.7347,      540.813,   70.2906
    21.475,    23.7907,      541.373,   70.4547
    21.525,    23.7571,      542.347,   70.6187
    21.575,    23.7814,      540.486,   70.7827
    21.625,    23.7814,      541.103,   70.9468
    21.675,    23.7907,      541.301,   71.1108
    21.725,    23.7627,      542.347,   71.2749
    21.775,    23.7627,      541.038,   71.4389
    21.825,    23.7907,       541.22,    71.603
    21.875,    23.7907,      540.886,    71.767
    21.925,    23.7907,      542.347,    71.931
    21.975,    23.7907,      541.068,   72.0951
    22.025,    23.7627,      540.886,   72.2591
    22.075,    23.8187,       541.22,   72.4232
    22.125,    23.7907,      542.195,   72.5872
    22.175,    23.7907,      541.068,   72.7513
    22.225,    23.7627,      540.886,   72.9153
    22.275,    23.8187,      541.402,   73.0793
    22.325,    23.7907,      542.379,   73.2434
    22.375,    23.7907,      541.068,   73.4074
    22.425,    23.7907,      541.068,   73.5715
    22.475,    23.8187,      540.886,   73.7355
    22.525,    23.7907,      542.379,   73.8995
    22.575,    23.7907,      541.068,   74.0636
    22.625,    23.7907,      541.068,   74.2276
    22.675,    23.7907,       541.25,   74.3917
    22.725,    23.7907,      542.714,   74.5557
    22.775,    23.8187,       541.25,   74.7198
    22.825,    23.7907,      540.734,   74.8838
    22.875,    23.7987,       541.25,   75.0478
    22.925,    23.7907,      542.395,   75.2119
    22.975,    23.8187,       541.25,   75.3759
    23.025,    23.7987,      540.916,     75.54
    23.075,    23.7907,      542.395,    75.704
    23.125,    23.8187,       541.25,   75.8681
    23.175,    23.8187,      541.098,   76.0321
    23.225,    23.7987,      542.562,   76.1961
    23.275,    23.7907,      541.037,   76.3602
    23.325,    23.8187,      541.433,   76.5242
    23.375,    23.7987,      542.562,   76.6883
    23.425,    23.7907,      540.868,   76.8523
    23.475,    23.8247,       541.25,   77.0163
    23.525,    23.7907,      542.254,   77.1804
    23.575,    23.8247,       541.25,   77.3444
    23.625,    23.7987,      542.084,   77.5085
    23.675,    23.8247,      540.868,   77.6725
    23.725,    23.7987,      542.084,   77.8366
    23.775,    23.7907,      540.868,   78.0006
    23.825,    23.8467,      541.433,   78.1646
    23.875,    23.7907,      542.227,   78.3287
    23.925,    23.8187,       541.25,   78.4927
    23.975,    23.7907,      540.916,   78.6568
    24.025,    23.8507,      541.433,   78.8208
    24.075,    23.7907,      541.773,   78.9848
    24.125,    23.8187,       541.25,   79.1489
    24.175,    23.8467,      541.281,   79.3129
    24.225,    23.7987,      542.227,    79.477
    24.275,    23.8187,      541.037,    79.641
    24.325,    23.8467,      541.098,   79.8051
    24.375,    23.8247,       542.41,   79.9691
    24.425,    23.8187,      540.727,   80.1331
    24.475,    23.8507,      541.281,   80.2972
    24.525,    23.8187,      541.944,   80.4612
    24.575,    23.8187,      541.281,   80.6253
    24.625,    23.8467,      541.463,   80.7893
    24.675,    23.8467,      542.778,   80.9534
    24.725,    23.8187,      540.947,   81.1174
    24.775,    23.8247,      541.463,   81.2814
    24.825,    23.8467,      542.425,   81.4455
    24.875,    23.8187,      541.312,   81.6095
    24.925,    23.8507,      541.463,   81.7736
    24.975,    23.8187,      542.454,   81.9376
    25.025,    23.8467,      541.829,   82.1016
    25.075,    23.8507,      541.495,   82.2657
    25.125,    23.8467,      542.454,   82.4297
    25.175,    23.8247,      541.677,   82.5938
    25.225,    23.8467,      541.575,   82.7578
    25.275,    23.8467,      543.513,   82.9219
    25.325,    23.8467,      541.495,   83.0859
    25.375,    23.8507,      541.312,   83.2499
    25.425,    23.8467,      542.625,    83.414
    25.475,    23.8467,      541.677,    83.578
    25.525,    23.8507,       542.41,   83.7421
    25.575,    23.8467,      542.966,   83.9061
    25.625,    23.8467,      542.594,   84.0702
    25.675,    23.8767,       541.86,   84.2342
    25.725,    23.8467,      543.167,   84.3982
    25.775,    23.8507,       542.41,   84.5623
    25.825,    23.8747,      541.944,   84.7263
    25.875,    23.8467,      543.915,   84.8904
    25.925,    23.8767,      543.698,   85.0544
    25.975,    23.8747,      541.803,   85.2184
    26.025,    23.8467,      544.285,   85.3825
    26.075,    23.8747,      543.145,   85.5465
    26.125,    23.8767,      542.994,   85.7106
    26.175,    23.8747,      544.367,   85.8746
    26.225,    23.8467,      543.362,   86.0387
    26.275,    23.9027,      543.329,   86.2027
    26.325,    23.8467,      543.883,   86.3667
    26.375,    23.8767,      543.329,   86.5308
    26.425,    23.9027,      542.655,   86.6948
    26.475,    23.8507,      544.319,   86.8589
    26.525,    23.8747,      542.625,   87.0229
    26.575,    23.9027,      542.994,   87.1869
    26.625,    23.8747,      543.712,    87.351
    26.675,    23.8767,       542.81,    87.515
    26.725,    23.8747,      544.023,   87.6791
    26.775,    23.9027,        544.1,   87.8431
    26.825,    23.8747,      543.949,   88.0072
    26.875,    23.9027,       544.47,   88.1712
    26.925,    23.8767,      545.617,   88.3352
    26.975,    23.8747,      544.195,   88.4993
    27.025,    23.9027,       544.47,   88.6633
    27.075,    23.8747,      545.431,   88.8274
    27.125,    23.8767,       544.84,   88.9914
    27.175,    23.8467,      545.916,   89.1555
    27.225,    23.8187,      543.329,   89.3195
    27.275,    23.8767,      541.646,   89.4835
    27.325,    23.8467,      543.681,   89.6476
    27.375,    23.8507,      544.621,   89.8116
    27.425,    23.8467,      542.114,   89.9757
    27.475,    23.8247,      544.067,   90.1397
    27.525,    23.8467,      540.896,   90.3037
    27.575,    23.8467,      540.947,   90.4678
    27.625,    23.8187,      542.778,   90.6318
    27.675,    23.8247,      541.281,   90.7959
    27.725,    23.8467,      540.727,   90.9599
    27.775,    23.8467,       542.41,    91.124
    27.825,    23.8187,      540.947,    91.288
    27.875,    23.8247,      541.281,    91.452
    27.925,    23.8187,      542.254,   91.6161
    27.975,    23.8467,      541.281,   91.7801
    28.025,    23.8187,      540.947,   91.9442
    28.075,    23.8247,      541.281,   92.1082
    28.125,    23.8187,      542.425,   92.2723
    28.175,    23.8187,      541.463,   92.4363
    28.225,    23.8467,      541.281,   92.6003
    28.275,    23.7907,      542.778,   92.7644
    28.325,    23.8187,      541.615,   92.9284
    28.375,    23.8247,      541.463,   93.0925
    28.425,    23.8187,      542.425,   93.2565
    28.475,    23.7907,      541.463,   93.4205
    28.525,    23.8187,      541.798,   93.5846
    28.575,    23.8247,      541.463,   93.7486
    28.625,    23.8187,      542.595,   93.9127
    28.675,    23.7907,      541.463,   94.0767
    28.725,    23.8187,      541.981,   94.2408
    28.775,    23.8247,      543.297,   94.4048
    28.825,    23.7907,      541.235,   94.5688
    28.875,    23.8467,      542.164,   94.7329
    28.925,    23.7987,      542.961,   94.8969
    28.975,    23.8187,      541.885,    95.061
    29.025,    23.8467,      542.012,    95.225
    29.075,    23.8187,      543.145,    95.389
    29.125,    23.8187,      542.379,   95.5531
    29.175,    23.8187,      541.646,   95.7171
    29.225,    23.8467,      541.463,   95.8812
    29.275,    23.8187,      542.961,   96.0452
    29.325,    23.8187,      541.646,   96.2093
    29.375,    23.8247,      541.646,   96.3733
    29.425,    23.8187,      542.765,   96.5373
    29.475,    23.8187,      541.646,   96.7014
    29.525,    23.8507,      541.646,   96.8654
    29.575,    23.8187,      542.625,   97.0295
    29.625,    23.8187,      541.829,   97.1935
    29.675,    23.8247,      541.829,   97.3576
    29.725,    23.8467,      542.936,   97.5216
    29.775,    23.8117,      541.495,   97.6856
    29.825,    23.8187,      542.325,   97.8497
    29.875,    23.8187,      541.829,   98.0137
    29.925,    23.8467,      542.012,   98.1778
    29.975,    23.8247,      543.145,   98.3418
    30.025,    23.8187,      541.405,   98.5058
    30.075,    23.8247,      541.829,   98.6699
    30.125,    23.8187,      542.936,   98.8339
    30.175,    23.8507,      541.829,    98.998
    30.225,    23.7907,      542.625,    99.162
    30.275,    23.8247,      542.164,   99.3261
    30.325,    23.8467,      541.405,   99.4901
    30.375,    23.7987,      543.145,   99.6541
    30.425,    23.8187,      541.716,   99.8182
    30.475,    23.8187,      541.646,   99.9822
    30.525,    23.8247,      543.481,   100.146
    30.575,    23.8187,      541.235,    100.31
    30.625,    23.8187,      541.829,   100.474
    30.675,    23.8187,      543.297,   100.638
    30.725,    23.7987,      541.829,   100.802
    30.775,    23.8467,      541.376,   100.966
    30.825,    23.7907,      543.145,   101.131
    30.875,    23.8247,      542.164,   101.295
    30.925,    23.8187,      541.405,   101.459
    30.975,    23.8187,      543.297,   101.623
    31.025,    23.7987,      541.646,   101.787
    31.075,    23.8187,      541.716,   101.951
    31.125,    23.8187,      543.113,   102.115
    31.175,    23.7987,      541.646,   102.279
    31.225,    23.8467,      541.716,   102.443
    31.275,    23.7907,      543.145,   102.607
    31.325,    23.8187,      542.164,   102.771
    31.375,    23.8187,      541.829,   102.935
    31.425,    23.8247,      541.829,   103.099
    31.475,    23.7907,      542.765,   103.263
    31.525,    23.8187,      542.164,   103.427
    31.575,    23.8247,      541.646,   103.591
    31.625,    23.7907,      542.936,   103.755
    31.675,    23.8187,      541.798,   103.919
    31.725,    23.8187,      541.463,   104.083
    31.775,    23.8187,      543.297,   104.247
    31.825,    23.7907,      541.646,   104.411
    31.875,    23.8247,      541.798,   104.575
    31.925,    23.8187,      542.595,   104.739
    31.975,    23.7907,      541.646,   104.903
    32.025,    23.8187,      542.164,   105.068
    32.075,    23.8117,      541.646,   105.232
    32.125,    23.8187,      541.928,   105.396
    32.175,    23.8187,      543.297,    105.56
    32.225,    23.8187,      541.646,   105.724
    32.275,    23.8247,      541.646,   105.888
    32.325,    23.7907,      542.595,   106.052
    32.375,    23.8117,      541.981,   106.216
    32.425,    23.8187,      541.928,    106.38
    32.475,    23.7907,      541.646,   106.544
    32.525,    23.8467,      541.981,   106.708
    32.575,    23.7907,      543.145,   106.872
    32.625,    23.8247,      541.981,   107.036
    32.675,    23.8187,      541.405,     107.2
    32.725,    23.7987,      543.297,   107.364
    32.775,    23.8187,      541.546,   107.528
    32.825,    23.8187,      541.829,   107.692
    32.875,    23.8117,      542.929,   107.856
    32.925,    23.8187,      542.126,    108.02
    32.975,    23.8187,      541.646,   108.184
    33.025,    23.7907,      541.646,   108.348
    33.075,    23.8467,      541.981,   108.512
    33.125,    23.7907,       542.41,   108.676
    33.175,    23.8117,      541.615,    108.84
    33.225,    23.7907,      541.532,   109.005
    33.275,    23.8247,      541.981,   109.169
    33.325,    23.8187,      542.425,   109.333
    33.375,    23.8187,      541.463,   109.497
    33.425,    23.7907,      541.646,   109.661
    33.475,    23.8187,      541.798,   109.825
    33.525,    23.8187,      543.113,   109.989
    33.575,    23.8187,      541.463,   110.153
    33.625,    23.7907,      541.281,   110.317
    33.675,    23.8467,      541.615,   110.481
    33.725,    23.7907,      542.778,   110.645
    33.775,    23.8187,      541.981,   110.809
    33.825,    23.7907,      541.281,   110.973
    33.875,    23.8467,      541.798,   111.137
    33.925,    23.7907,      542.961,   111.301
    33.975,    23.8247,      541.798,   111.465
    34.025,    23.8187,      541.235,   111.629
    34.075,    23.7907,      543.297,   111.793
    34.125,    23.8187,      541.615,   111.957
    34.175,    23.8187,      541.646,   112.121
    34.225,    23.8247,      541.463,   112.285
    34.275,    23.8187,      542.765,   112.449
    34.325,    23.7907,      541.463,   112.613
    34.375,    23.8507,      541.981,   112.778
    34.425,    23.7907,      542.454,   112.942
    34.475,    23.8187,      541.981,   113.106
    34.525,    23.8507,      541.646,    113.27
    34.575,    23.8187,      542.284,   113.434
    34.625,    23.8247,      541.829,   113.598
    34.675,    23.8187,      542.765,   113.762
    34.725,    23.8247,      541.646,   113.926
    34.775,    23.8467,      541.235,    114.09
    34.825,    23.8247,      542.961,   114.254
    34.875,    23.8507,      541.405,   114.418
    34.925,    23.8187,      542.454,   114.582
    34.975,    23.8247,      541.829,   114.746
    35.025,    23.8467,      541.235,    114.91
    35.075,    23.8247,      543.329,   115.074
    35.125,    23.8187,      540.727,   115.238
    35.175,    23.8467,      541.098,   115.402
    35.225,    23.8467,      542.961,   115.566
    35.275,    23.8247,      541.312,    115.73
    35.325,    23.8467,      541.575,   115.894
    35.375,    23.8247,      543.145,   116.058
    35.425,    23.8187,      541.405,   116.222
    35.475,    23.8507,      541.829,   116.386
    35.525,    23.8187,      542.795,    116.55
    35.575,    23.8507,      541.829,   116.715
    35.625,    23.8187,      542.625,   116.879
    35.675,    23.8247,      541.829,   117.043
    35.725,    23.8467,      541.405,   117.207
    35.775,    23.8187,      542.961,   117.371
    35.825,    23.8187,      541.646,   117.535
    35.875,    23.8187,      541.829,   117.699
    35.925,    23.8467,      541.829,   117.863
    35.975,    23.8247,      542.778,   118.027
    36.025,    23.8187,      541.066,   118.191
    36.075,    23.8467,      541.646,   118.355
    36.125,    23.7987,      542.594,   118.519
    36.175,    23.8187,      541.546,   118.683
    36.225,    23.8467,      541.281,   118.847
    36.275,    23.8247,      543.145,   119.011
    36.325,    23.8247,      541.405,   119.175
    36.375,    23.8247,      542.765,   119.339
    36.425,    23.8507,      541.405,   119.503
    36.475,    23.7987,      542.625,   119.667
    36.525,    23.8187,      541.716,   119.831
    36.575,    23.8507,      541.829,   119.995
    36.625,    23.8187,      542.454,   120.159
    36.675,    23.8187,      541.646,   120.323
    36.725,    23.8247,      541.646,   120.487
    36.775,    23.8187,      542.936,   120.652
    36.825,    23.8507,      541.829,   120.816
    36.875,    23.8187,      542.625,    120.98
    36.925,    23.7987,      541.829,   121.144
    36.975,    23.8467,      541.716,   121.308
    37.025,    23.8247,      543.145,   121.472
    37.075,    23.8247,      541.235,   121.636
    37.125,    23.8247,      542.765,     121.8
    37.175,    23.8187,      541.575,   121.964
    37.225,    23.8247,      541.829,   122.128
    37.275,    23.7987,      542.936,   122.292
    37.325,    23.8467,      541.546,   122.456
    37.375,    23.8247,      543.145,    122.62
    37.425,    23.8247,      541.405,   122.784
    37.475,    23.8187,      542.936,   122.948
    37.525,    23.7987,      541.829,   123.112
    37.575,    23.8467,      541.546,   123.276
    37.625,    23.7987,      542.778,    123.44
    37.675,    23.8187,      541.546,   123.604
    37.725,    23.8247,      542.012,   123.768
    37.775,    23.8299,      542.936,   123.932
    37.825,    23.7987,      542.624,   124.096
    37.875,    23.8187,      541.885,    124.26
    37.925,    23.8247,      541.829,   124.424
    37.975,    23.7987,      542.936,   124.589
    38.025,    23.8467,      541.885,   124.753
    38.075,    23.7987,      543.145,   124.917
    38.125,    23.8187,      541.885,   125.081
    38.175,    23.8247,      542.012,   125.245
    38.225,    23.7987,      542.936,   125.409
    38.275,    23.8507,      541.885,   125.573
    38.325,    23.7987,      542.625,   125.737
    38.375,    23.8247,      541.885,   125.901
    38.425,    23.7987,      542.936,   126.065
    38.475,    23.8247,      541.885,   126.229
    38.525,    23.7987,      542.936,   126.393
    38.575,    23.8247,      541.885,   126.557
    38.625,    23.8299,      542.936,   126.721
    38.675,    23.8187,      542.465,   126.885
    38.725,    23.7987,      541.829,   127.049
    38.775,    23.8247,      541.716,   127.213
    38.825,    23.7907,      542.936,   127.377
    38.875,    23.8247,      542.164,   127.541
    38.925,    23.8247,      542.936,   127.705
    38.975,    23.8247,      541.405,   127.869
    39.025,    23.7987,      542.936,   128.033
    39.075,    23.8247,      541.885,   128.197
    39.125,    23.7907,      543.107,   128.361
    39.175,    23.8247,      542.164,   128.526
    39.225,    23.8247,      541.575,    128.69
    39.275,    23.7987,      543.107,   128.854
    39.325,    23.8247,      541.716,   129.018
    39.375,    23.7987,      543.107,   129.182
    39.425,    23.8247,      541.716,   129.346
    39.475,    23.7987,      542.936,    129.51
    39.525,    23.8467,      541.716,   129.674
    39.575,    23.7987,      543.145,   129.838
    39.625,    23.8247,      541.716,   130.002
    39.675,    23.7987,      542.936,   130.166
    39.725,    23.8247,      541.716,    130.33
    39.775,    23.7987,      542.936,   130.494
    39.825,    23.8299,      541.207,   130.658
    39.875,    23.7987,      542.306,   130.822
    39.925,    23.8247,      541.716,   130.986
    39.975,    23.8056,      543.107,    131.15
    40.025,    23.8247,      542.755,   131.314
    40.075,    23.8247,      541.575,   131.478
    40.125,    23.7987,      542.936,   131.642
    40.175,    23.8247,      541.885,   131.806
    40.225,    23.7987,      542.936,    131.97
    40.275,    23.8247,      541.885,   132.134
    40.325,    23.7987,      542.936,   132.298
    40.375,    23.8247,      541.885,   132.463
    40.425,    23.8247,      542.936,   132.627
    40.475,    23.8247,      541.575,   132.791
    40.525,    23.7987,      542.936,   132.955
    40.575,    23.8247,      541.885,   133.119
    40.625,    23.8247,      542.936,   133.283
    40.675,    23.8247,      541.575,   133.447
    40.725,    23.7987,      542.936,   133.611
    40.775,    23.8507,      541.716,   133.775
    40.825,    23.8187,      542.625,   133.939
    40.875,    23.7987,      542.012,   134.103
    40.925,    23.8247,      541.716,   134.267
    40.975,    23.8467,      543.107,   134.431
    41.025,    23.8247,      541.677,   134.595
    41.075,    23.8247,      542.936,   134.759
    41.125,    23.8247,      541.575,   134.923
    41.175,    23.8187,      543.107,   135.087
    41.225,    23.8247,      541.829,   135.251
    41.275,    23.8247,      541.405,   135.415
    41.325,    23.8247,      543.107,   135.579
    41.375,    23.8507,      541.405,   135.743
    41.425,    23.7987,      542.795,   135.907
    41.475,    23.8507,      541.885,   136.071
    41.525,    23.8187,      542.625,   136.236
    41.575,    23.8247,      541.829,     136.4
    41.625,    23.8247,      542.765,   136.564
    41.675,    23.8187,      541.405,   136.728
    41.725,    23.8247,      542.012,   136.892
    41.775,    23.8187,      542.936,   137.056
    41.825,    23.8247,      541.829,    137.22
    41.875,    23.8247,      543.107,   137.384
    41.925,    23.8247,      541.405,   137.548
    41.975,    23.8187,      542.936,   137.712
    42.025,    23.7987,      541.829,   137.876
    42.075,    23.8507,      541.546,    138.04
    42.125,    23.7987,      542.625,   138.204
    42.175,    23.8247,      541.716,   138.368
    42.225,    23.8187,      542.936,   138.532
    42.275,    23.8507,      541.829,   138.696
    42.325,    23.7987,      542.795,    138.86
    42.375,    23.8187,      541.716,   139.024
    42.425,    23.8247,      542.012,   139.188
    42.475,    23.8187,      542.936,   139.352
    42.525,    23.8507,      541.646,   139.516
    42.575,    23.7987,      542.625,    139.68
    42.625,    23.8507,      541.716,   139.844
    42.675,    23.7907,      542.625,   140.008
    42.725,    23.8247,      542.347,   140.173
    42.775,    23.8467,      541.405,   140.337
    42.825,    23.8247,      543.145,   140.501
    42.875,    23.8247,      541.575,   140.665
    42.925,    23.8247,      543.107,   140.829
    42.975,    23.8247,      541.575,   140.993
    43.025,    23.8187,      542.936,   141.157
    43.075,    23.8247,      542.012,   141.321
    43.125,    23.8467,      541.575,   141.485
    43.175,    23.7987,      543.329,   141.649
    43.225,    23.8187,      541.716,   141.813
    43.275,    23.8507,      542.012,   141.977
    43.325,    23.7987,      542.795,   142.141
    43.375,    23.8507,      541.885,   142.305
    43.425,    23.8247,      542.795,   142.469
    43.475,    23.8187,      541.575,   142.633
    43.525,    23.8247,      543.481,   142.797
    43.575,    23.8507,      541.575,   142.961
    43.625,    23.7987,      542.625,   143.125
    43.675,    23.8507,      541.885,   143.289
    43.725,    23.8187,      542.795,   143.453
    43.775,    23.7987,      542.012,   143.617
    43.825,    23.8467,      541.716,   143.781
    43.875,    23.8247,      543.329,   143.945
    43.925,    23.8187,      541.575,    144.11
    43.975,    23.8247,      542.012,   144.274
    44.025,    23.8247,      543.107,   144.438
    44.075,    23.8247,      541.405,   144.602
    44.125,    23.8247,      543.107,   144.766
    44.175,    23.8467,      541.575,    144.93
    44.225,    23.8247,      543.145,   145.094
    44.275,    23.8247,      541.575,   145.258
    44.325,    23.8247,      542.936,   145.422
    44.375,    23.8247,      541.575,   145.586
    44.425,    23.8187,      542.936,    145.75
    44.475,    23.8247,      542.012,   145.914
    44.525,    23.8247,      541.405,   146.078
    44.575,    23.8187,      543.107,   146.242
    44.625,    23.8507,      541.829,   146.406
    44.675,    23.7987,      542.795,    146.57
    44.725,    23.8507,      541.885,   146.734
    44.775,    23.8247,      542.625,   146.898
    44.825,    23.8187,      541.575,   147.062
    44.875,    23.8247,      542.012,   147.226
    44.925,    23.8247,      542.936,    147.39
    44.975,    23.8247,      541.575,   147.554
    45.025,    23.8247,      543.107,   147.718
    45.075,    23.8507,      541.575,   147.882
    45.125,    23.8187,      542.625,   148.047
    45.175,    23.8247,      542.012,   148.211
    45.225,    23.8187,      543.107,   148.375
    45.275,    23.8247,      541.829,   148.539
    45.325,    23.8507,      541.575,   148.703
    45.375,    23.8187,      542.795,   148.867
    45.425,    23.8247,      542.012,   149.031
    45.475,    23.8247,      542.936,   149.195
    45.525,    23.8187,      541.575,   149.359
    45.575,    23.8247,      541.829,   149.523
    45.625,    23.8247,      543.107,   149.687
    45.675,    23.8507,      541.575,   149.851
    45.725,    23.7987,      542.795,   150.015
    45.775,    23.8507,      541.716,   150.179
    45.825,    23.8187,      542.795,   150.343
    45.875,    23.8507,      542.012,   150.507
    45.925,    23.8187,      542.625,   150.671
    45.975,    23.8247,      542.012,   150.835
    46.025,    23.8247,      541.575,   150.999
    46.075,    23.8187,      542.936,   151.163
    46.125,    23.8507,      542.012,   151.327
    46.175,    23.8247,      542.795,   151.491
    46.225,    23.8187,      541.405,   151.655
    46.275,    23.8247,      541.829,   151.819
    46.325,    23.8247,      542.936,   151.984
    46.375,    23.8247,      541.405,   152.148
    46.425,    23.8247,      543.107,   152.312
    46.475,    23.8247,      541.405,   152.476
    46.525,    23.8247,      542.936,    152.64
    46.575,    23.8467,      541.066,   152.804
    46.625,    23.8247,      543.145,   152.968
    46.675,    23.8187,      541.575,   153.132
    46.725,    23.8247,      541.829,   153.296
    46.775,    23.8247,      543.107,    153.46
    46.825,    23.8467,      541.405,   153.624
    46.875,    23.7987,      543.329,   153.788
    46.925,    23.8187,      541.885,   153.952
    46.975,    23.8507,      541.829,   154.116
    47.025,    23.7987,      542.795,    154.28
    47.075,    23.8507,      541.885,   154.444
    47.125,    23.8187,      542.795,   154.608
    47.175,    23.8247,      541.829,   154.772
    47.225,    23.8247,      542.936,   154.936
    47.275,    23.8507,      541.575,     155.1
    47.325,    23.8187,      542.625,   155.264
    47.375,    23.7987,      541.829,   155.428
    47.425,    23.8467,      541.885,   155.592
    47.475,    23.8247,      543.145,   155.757
    47.525,    23.8247,      541.405,   155.921
    47.575,    23.8467,      543.107,   156.085
    47.625,    23.7987,      541.312,   156.249
    47.675,    23.8507,      541.885,   156.413
    47.725,    23.8187,      542.625,   156.577
    47.775,    23.8507,      541.646,   156.741
    47.825,    23.7987,      542.795,   156.905
    47.875,    23.8187,      541.376,   157.069
    47.925,    23.8507,      541.281,   157.233
    47.975,    23.8247,      542.625,   157.397
    48.025,    23.8507,      541.575,   157.561
    48.075,    23.7987,      542.625,   157.725
    48.125,    23.8467,      541.885,   157.889
    48.175,    23.8467,      543.329,   158.053
    48.225,    23.8247,      541.495,   158.217
    48.275,    23.8247,      541.575,   158.381
    48.325,    23.8187,      543.107,   158.545
    48.375,    23.8507,      541.829,   158.709
    48.425,    23.8056,      542.625,   158.873
    48.475,    23.8507,      541.486,   159.037
    48.525,    23.8247,      542.625,   159.201
    48.575,    23.8247,      541.575,   159.365
    48.625,    23.8247,      542.936,   159.529
    48.675,    23.8299,      541.405,   159.694
    48.725,    23.8507,      542.306,   159.858
    48.775,    23.8187,      542.625,   160.022
    48.825,    23.7987,      541.829,   160.186
    48.875,    23.8507,      541.546,    160.35
    48.925,    23.7987,      542.795,   160.514
    48.975,    23.8467,      541.207,   160.678
    49.025,    23.8247,      542.778,   160.842
    49.075,    23.8247,      541.405,   161.006
    49.125,    23.8187,      542.936,    161.17
    49.175,    23.8247,      541.829,   161.334
    49.225,    23.8247,      541.575,   161.498
    49.275,    23.8247,      542.936,   161.662
    49.325,    23.8467,      541.575,   161.826
    49.375,    23.7987,      543.145,    161.99
    49.425,    23.8247,      541.885,   162.154
    49.475,    23.8247,      542.936,   162.318
    49.525,    23.8187,      541.575,   162.482
    49.575,    23.8467,      541.829,   162.646
    49.625,    23.7987,      543.145,    162.81
    49.675,    23.8247,      541.885,   162.974
    49.725,    23.8187,      542.936,   163.138
    49.775,    23.7987,      541.829,   163.302
    49.825,    23.8507,      541.885,   163.466
    49.875,    23.7907,      542.625,   163.631
    49.925,    23.8247,      542.347,   163.795
    49.975,    23.8247,      542.936,   163.959
    50.025,    23.8247,      541.405,   164.123
    50.075,    23.7987,      542.765,   164.287
    50.125,    23.8247,      541.885,   164.451
    50.175,    23.8187,      542.936,   164.615
    50.225,    23.7987,      541.829,   164.779
    50.275,    23.8247,      541.716,   164.943
    50.325,    23.8187,      542.936,   165.107
    50.375,    23.7987,      542.012,   165.271
    50.425,    23.8247,      543.248,   165.435
    50.475,    23.7987,      541.405,   165.599
    50.525,    23.8247,      543.248,   165.763
    50.575,    23.7907,      541.405,   165.927
    50.625,    23.8247,      541.981,   166.091
    50.675,    23.7987,      542.936,   166.255
    50.725,    23.8247,      541.716,   166.419
    50.775,    23.7987,      542.765,   166.583
    50.825,    23.8247,      541.716,   166.747
    50.875,    23.7987,      542.765,   166.911
    50.925,    23.8171,      541.716,   167.075
    50.975,    23.7987,      543.349,   167.239
    51.025,    23.7907,      541.376,   167.403
    51.075,    23.8247,      542.164,   167.568
    51.125,    23.7987,      542.936,   167.732
    51.175,    23.8187,      541.716,   167.896
    51.225,    23.7987,      543.481,    168.06
    51.275,    23.8247,      541.716,   168.224
    51.325,    23.7987,      542.765,   168.388
    51.375,    23.7907,      541.716,   168.552
    51.425,    23.8247,      542.164,   168.716
    51.475,    23.7987,      542.936,    168.88
    51.525,    23.7987,      541.546,   169.044
    51.575,    23.7987,      543.248,   169.208
    51.625,    23.8187,      541.716,   169.372
    51.675,    23.8187,      543.481,   169.536
    51.725,    23.7907,      541.829,     169.7
    51.775,    23.8247,      542.164,   169.864
    51.825,    23.7907,      542.765,   170.028
    51.875,    23.7987,      542.164,   170.192
    51.925,    23.8247,      541.546,   170.356
    51.975,    23.7907,      542.936,    170.52
    52.025,    23.8247,      541.981,   170.684
    52.075,    23.7987,      542.936,   170.848
    52.125,    23.7987,      541.376,   171.012
    52.175,    23.7987,      543.248,   171.176
    52.225,    23.8247,      541.546,    171.34
    52.275,    23.7987,      542.765,   171.505
    52.325,    23.8247,      541.716,   171.669
    52.375,    23.7907,      542.765,   171.833
    52.425,    23.7987,      541.981,   171.997
    52.475,    23.8247,      541.716,   172.161
    52.525,    23.8187,      542.765,   172.325
    52.575,    23.8247,      541.646,   172.489
    52.625,    23.7987,      542.936,   172.653
    52.675,    23.7987,      541.716,   172.817
    52.725,    23.8247,      543.248,   172.981
    52.775,    23.7987,      541.235,   173.145
    52.825,    23.8247,      543.248,   173.309
    52.875,    23.8247,      541.405,   173.473
    52.925,    23.7987,      542.936,   173.637
    52.975,    23.8247,      541.546,   173.801
    53.025,    23.7987,      542.936,   173.965
    53.075,    23.8247,      541.716,   174.129
    53.125,    23.7987,      542.936,   174.293
    53.175,    23.7907,      541.716,   174.457
    53.225,    23.8247,      542.164,   174.621
    53.275,    23.7987,      542.765,   174.785
    53.325,    23.8247,      541.716,   174.949
    53.375,    23.8187,      542.765,   175.113
    53.425,    23.8247,      541.646,   175.277
    53.475,    23.7987,      542.595,   175.442
    53.525,    23.8247,      541.546,   175.606
    53.575,    23.8247,      542.765,    175.77
    53.625,    23.8247,      541.066,   175.934
    53.675,    23.7987,      542.765,   176.098
    53.725,    23.8247,      541.207,   176.262
    53.775,    23.8247,      542.595,   176.426
    53.825,    23.8247,      541.066,    176.59
    53.875,    23.8187,      542.765,   176.754
    53.925,    23.7987,      541.646,   176.918
    53.975,    23.8247,      541.546,   177.082
    54.025,    23.8187,      542.765,   177.246
    54.075,    23.8247,      541.646,    177.41
    54.125,    23.7987,      542.595,   177.574
    54.175,    23.8247,      541.546,   177.738
    54.225,    23.8247,      542.765,   177.902
    54.275,    23.8247,      541.235,   178.066
    54.325,    23.7987,      542.765,    178.23
    54.375,    23.8299,      541.716,   178.394
    54.425,    23.7987,      542.147,   178.558
    54.475,    23.8247,      541.376,   178.722
    54.525,    23.7987,      542.765,   178.886
    54.575,    23.8247,      541.546,    179.05
    54.625,    23.7987,      542.595,   179.214
    54.675,    23.8247,      541.716,   179.379
    54.725,    23.7987,      542.765,   179.543
    54.775,    23.8247,      541.376,   179.707
    54.825,    23.7987,      542.765,   179.871
    54.875,    23.8056,      541.376,   180.035
    54.925,    23.8247,      542.596,   180.199
    54.975,    23.7987,      542.595,   180.363
    55.025,    23.8056,      541.546,   180.527
    55.075,    23.7987,      542.278,   180.691
    55.125,    23.8247,      541.546,   180.855
    55.175,    23.7987,      542.595,   181.019
    55.225,    23.8247,      541.376,   181.183
    55.275,    23.7987,      542.765,   181.347
    55.325,    23.8247,      541.376,   181.511
    55.375,    23.7987,      542.765,   181.675
    55.425,    23.7987,      541.376,   181.839
    55.475,    23.7987,      542.906,   182.003
    55.525,    23.8247,      541.546,   182.167
    55.575,    23.7987,      542.425,   182.331
    55.625,    23.8247,      540.868,   182.495
    55.675,    23.7727,      542.254,   182.659
    55.725,    23.8247,      541.179,   182.823
    55.775,    23.7987,      542.765,   182.987
    55.825,    23.7987,      541.546,   183.152
    55.875,    23.7987,      542.736,   183.316
    55.925,    23.8187,      541.376,    183.48
    55.975,    23.7987,      543.297,   183.644
    56.025,    23.8247,      541.546,   183.808
    56.075,    23.7987,      542.595,   183.972
    56.125,    23.7907,      541.376,   184.136
    56.175,    23.7987,      541.981,     184.3
    56.225,    23.7987,      543.077,   184.464
    56.275,    23.8187,      541.376,   184.628
    56.325,    23.7987,      543.113,   184.792
    56.375,    23.8247,      541.376,   184.956
    56.425,    23.7727,      542.595,    185.12
    56.475,    23.8247,      541.687,   185.284
    56.525,    23.7987,      542.425,   185.448
    56.575,    23.8247,      541.376,   185.612
    56.625,    23.7987,      542.765,   185.776
    56.675,    23.7907,      541.546,    185.94
    56.725,    23.8247,      541.798,   186.104
    56.775,    23.7907,      542.765,   186.268
    56.825,    23.8247,      541.798,   186.432
    56.875,    23.8187,      542.595,   186.596
    56.925,    23.7987,      541.646,    186.76
    56.975,    23.8247,      541.376,   186.924
    57.025,    23.7987,      542.595,   187.089
    57.075,    23.8187,      541.207,   187.253
    57.125,    23.8247,      543.113,   187.417
    57.175,    23.8247,      540.896,   187.581
    57.225,    23.7987,      542.595,   187.745
    57.275,    23.8247,      541.207,   187.909
    57.325,    23.7987,      542.425,   188.073
    57.375,    23.8187,      541.207,   188.237
    57.425,    23.8247,      541.463,   188.401
    57.475,    23.8187,      542.425,   188.565
    57.525,    23.8247,      541.281,   188.729
    57.575,    23.8187,      542.084,   188.893
    57.625,    23.7987,      541.281,   189.057
    57.675,    23.8247,      541.376,   189.221
    57.725,    23.7987,      542.425,   189.385
    57.775,    23.8467,      541.207,   189.549
    57.825,    23.7987,      542.594,   189.713
    57.875,    23.8247,      541.207,   189.877
    57.925,    23.7987,      542.254,   190.041
    57.975,    23.8247,      541.207,   190.205
    58.025,    23.8247,      541.914,   190.369
    58.075,    23.7907,      540.727,   190.533
    58.125,    23.8247,      541.615,   190.697
    58.175,    23.8187,      542.425,   190.861
    58.225,    23.8247,      541.463,   191.026
    58.275,    23.8187,      542.425,    191.19
    58.325,    23.7987,      541.281,   191.354
    58.375,    23.8247,      541.207,   191.518
    58.425,    23.8187,      542.425,   191.682
    58.475,    23.8247,      541.281,   191.846
    58.525,    23.7987,      542.595,    192.01
    58.575,    23.8247,      541.207,   192.174
    58.625,    23.8187,      542.425,   192.338
    58.675,    23.7987,      541.281,   192.502
    58.725,    23.8247,      541.207,   192.666
    58.775,    23.8247,      542.425,    192.83
    58.825,    23.8247,      540.896,   192.994
    58.875,    23.7907,      542.425,   193.158
    58.925,    23.8507,      541.798,   193.322
    58.975,    23.7907,      541.944,   193.486
    59.025,    23.8247,      541.615,    193.65
    59.075,    23.8187,      541.066,   193.814
    59.125,    23.7987,      542.929,   193.978
    59.175,    23.8247,      541.207,   194.142
    59.225,    23.8247,      542.425,   194.306
    59.275,    23.7907,      540.896,    194.47
    59.325,    23.8507,      541.615,   194.634
    59.375,    23.7987,      542.114,   194.798
    59.425,    23.8247,      541.207,   194.963
    59.475,    23.7987,      542.425,   195.127
    59.525,    23.8467,      541.207,   195.291
    59.575,    23.7987,      542.594,   195.455
    59.625,    23.8187,      541.207,   195.619
    59.675,    23.8187,      541.281,   195.783
    59.725,    23.8247,      543.113,   195.947
    59.775,    23.8187,      540.896,   196.111
    59.825,    23.8247,      541.281,   196.275
    59.875,    23.7987,      542.425,   196.439
    59.925,    23.8467,      541.207,   196.603
    59.975,    23.7987,      542.594,   196.767
    60.025,    23.8247,      541.037,   196.931
    60.075,    23.8247,      542.425,   197.095
    60.125,    23.8247,      540.896,   197.259
    60.175,    23.7987,      542.425,   197.423
    60.225,    23.8187,      541.207,   197.587
    60.275,    23.8247,      541.281,   197.751
    60.325,    23.8187,      542.425,   197.915
    60.375,    23.8247,      541.281,   198.079
    60.425,    23.8187,      542.425,   198.243
    60.475,    23.7987,      541.281,   198.407
    60.525,    23.8507,      541.037,   198.571
    60.575,    23.7907,      542.114,   198.736
    60.625,    23.8507,      541.615,     198.9
    60.675,    23.7987,      541.944,   199.064
    60.725,    23.8187,      541.207,   199.228
    60.775,    23.8247,      541.281,   199.392
    60.825,    23.7987,      542.425,   199.556
    60.875,    23.8507,      541.207,    199.72
    60.925,    23.7907,      542.114,   199.884
    60.975,    23.8507,      541.615,   200.048
    61.025,    23.8187,      541.944,   200.212
    61.075,    23.7987,      541.463,   200.376
    61.125,    23.8467,      541.037,    200.54
    61.175,    23.7987,      542.594,   200.704
    61.225,    23.8187,      541.376,   200.868
    61.275,    23.8247,      541.281,   201.032
    61.325,    23.7987,      542.254,   201.196
    61.375,    23.8467,      541.207,    201.36
    61.425,    23.7987,      542.594,   201.524
    61.475,    23.8507,      541.207,   201.688
    61.525,    23.7987,      542.114,   201.852
    61.575,    23.8187,      541.207,   202.016
    61.625,    23.8247,      541.281,    202.18
    61.675,    23.7987,      542.254,   202.344
    61.725,    23.8467,      541.207,   202.508
    61.775,    23.7987,       542.41,   202.673
    61.825,    23.8187,      541.207,   202.837
    61.875,    23.8247,      541.098,   203.001
    61.925,    23.8187,      542.425,   203.165
    61.975,    23.8247,      541.281,   203.329
    62.025,    23.8187,      542.254,   203.493
    62.075,    23.7987,      541.281,   203.657
    62.125,    23.8247,      541.037,   203.821
    62.175,    23.8247,      542.425,   203.985
    62.225,    23.8187,      540.896,   204.149
    62.275,    23.8247,      542.745,   204.313
    62.325,    23.8247,      540.896,   204.477
    62.375,    23.8187,      542.425,   204.641
    62.425,    23.7987,      541.281,   204.805
    62.475,    23.8467,      541.207,   204.969
    62.525,    23.7987,       542.41,   205.133
    62.575,    23.8187,      541.207,   205.297
    62.625,    23.8247,      541.281,   205.461
    62.675,    23.8247,      542.425,   205.625
    62.725,    23.8247,      540.896,   205.789
    62.775,    23.8187,      542.254,   205.953
    62.825,    23.8247,      541.281,   206.117
    62.875,    23.7987,      542.254,   206.281
    62.925,    23.8187,      541.207,   206.445
    62.975,    23.8247,      541.281,    206.61
    63.025,    23.7987,      542.254,   206.774
    63.075,    23.8507,      541.207,   206.938
    63.125,    23.7907,      542.114,   207.102
    63.175,    23.8507,      541.433,   207.266
    63.225,    23.7907,      542.114,    207.43
    63.275,    23.8247,      541.433,   207.594
    63.325,    23.8187,      540.727,   207.758
    63.375,    23.8247,      542.745,   207.922
    63.425,    23.8247,      540.727,   208.086
    63.475,    23.8187,      542.425,    208.25
    63.525,    23.7987,      541.281,   208.414
    63.575,    23.8247,      541.037,   208.578
    63.625,    23.7987,      542.425,   208.742
    63.675,    23.8467,      541.207,   208.906
    63.725,    23.7987,       542.41,    209.07
    63.775,    23.8507,      541.207,   209.234
    63.825,    23.7907,      542.114,   209.398
    63.875,    23.8247,      541.615,   209.562
    63.925,    23.8187,      540.727,   209.726
    63.975,    23.8247,      542.745,    209.89
    64.025,    23.8247,      540.558,   210.054
    64.075,    23.8187,      542.425,   210.218
    64.125,     23.816,      541.281,   210.382
    64.175,    23.8187,      541.452,   210.547
    64.225,    23.8187,      541.281,   210.711
    64.275,    23.8247,      542.745,   210.875
    64.325,    23.8187,      540.896,   211.039
    64.375,    23.8187,      541.098,   211.203
    64.425,    23.8117,      542.745,   211.367
    64.475,    23.8187,       541.73,   211.531
    64.525,    23.8187,      541.098,   211.695
    64.575,    23.8187,      541.281,   211.859
    64.625,    23.8187,      541.098,   212.023
    64.675,    23.8187,      542.745,   212.187
    64.725,    23.8187,      541.098,   212.351
    64.775,    23.8187,      541.281,   212.515
    64.825,    23.8187,      540.916,   212.679
    64.875,    23.8187,      542.745,   212.843
    64.925,    23.8187,      541.281,   213.007
    64.975,    23.8247,      541.098,   213.171
    65.025,    23.7987,      542.254,   213.335
    65.075,    23.8187,      541.037,   213.499
    65.125,    23.8247,      541.098,   213.663
    65.175,    23.8187,      542.084,   213.827
    65.225,    23.8187,      541.098,   213.991
    65.275,    23.8187,      541.281,   214.155
    65.325,    23.8187,      542.562,    214.32
    65.375,    23.8247,      540.916,   214.484
    65.425,    23.8187,      540.727,   214.648
    65.475,    23.8247,      542.745,   214.812
    65.525,    23.7907,      540.727,   214.976
    65.575,    23.8247,      541.433,    215.14
    65.625,    23.8247,      542.254,   215.304
    65.675,    23.8247,      540.727,   215.468
    65.725,    23.8299,      542.425,   215.632
    65.775,    23.7987,      541.829,   215.796
    65.825,    23.8247,      541.207,    215.96
    65.875,    23.8247,      542.254,   216.124
    65.925,    23.8187,      540.727,   216.288
    65.975,    23.8247,      541.281,   216.452
    66.025,    23.7987,      542.254,   216.616
    66.075,    23.8507,      541.037,    216.78
    66.125,    23.7987,      542.114,   216.944
    66.175,    23.8247,      541.037,   217.108
    66.225,    23.8247,      542.425,   217.272
    66.275,    23.8247,      540.727,   217.436
    66.325,    23.8056,      542.254,     217.6
    66.375,    23.8247,      542.278,   217.764
    66.425,    23.8247,      540.558,   217.928
    66.475,    23.8056,      542.425,   218.092
    66.525,    23.8247,      540.695,   218.257
    66.575,    23.8187,      542.084,   218.421
    66.625,    23.8247,      541.281,   218.585
    66.675,    23.8247,      542.254,   218.749
    66.725,    23.8247,      540.727,   218.913
    66.775,    23.8187,      542.254,   219.077
    66.825,    23.7987,      541.281,   219.241
    66.875,    23.8247,      541.037,   219.405
    66.925,    23.8247,      542.254,   219.569
    66.975,    23.8247,      540.727,   219.733
    67.025,    23.8247,      542.254,   219.897
    67.075,    23.8299,      540.727,   220.061
    67.125,    23.8247,      541.829,   220.225
    67.175,    23.7987,      542.254,   220.389
    67.225,    23.8507,      541.037,   220.553
    67.275,    23.8056,      541.944,   220.717
    67.325,    23.8247,      540.695,   220.881
    67.375,    23.7987,      542.425,   221.045
    67.425,    23.8507,      541.037,   221.209
    67.475,    23.8187,      541.944,   221.373
    67.525,    23.8247,      541.281,   221.537
    67.575,    23.7987,      542.254,   221.701
    67.625,    23.8507,      541.037,   221.865
    67.675,    23.7987,      541.944,   222.029
    67.725,    23.8247,      541.037,   222.194
    67.775,    23.8247,      542.254,   222.358
    67.825,    23.8247,      540.896,   222.522
    67.875,    23.8247,      542.254,   222.686
    67.925,    23.8247,      540.727,    222.85
    67.975,    23.8056,      542.254,   223.014
    68.025,    23.8247,      540.695,   223.178
    68.075,    23.8247,      542.084,   223.342
    68.125,    23.8247,      540.896,   223.506
    68.175,    23.8247,      542.084,    223.67
    68.225,    23.8247,      540.896,   223.834
    68.275,    23.8247,      542.084,   223.998
    68.325,    23.8247,      540.727,   224.162
    68.375,    23.8247,      542.425,   224.326
    68.425,    23.8247,      540.727,    224.49
    68.475,    23.8299,      542.084,   224.654
    68.525,    23.7987,      541.829,   224.818
    68.575,    23.8507,      541.037,   224.982
    68.625,    23.7987,      541.944,   225.146
    68.675,    23.8507,      541.207,    225.31
    68.725,    23.7987,      541.944,   225.474
    68.775,    23.8299,      541.037,   225.638
    68.825,    23.8247,      541.829,   225.802
    68.875,    23.8247,      540.727,   225.966
    68.925,    23.8247,      542.254,   226.131
    68.975,    23.8247,      540.727,   226.295
    69.025,    23.8247,      542.425,   226.459
    69.075,    23.8247,      540.727,   226.623
    69.125,    23.8247,      542.254,   226.787
    69.175,    23.8507,      540.727,   226.951
    69.225,    23.7987,      541.944,   227.115
    69.275,    23.8507,      541.207,   227.279
    69.325,    23.7987,      541.773,   227.443
    69.375,    23.8542,      541.207,   227.607
    69.425,    23.8247,      541.381,   227.771
    69.475,    23.8247,      542.254,   227.935
    69.525,    23.8247,      540.727,   228.099
    69.575,    23.8247,      542.254,   228.263
    69.625,    23.8507,      540.727,   228.427
    69.675,    23.7987,      542.114,   228.591
    69.725,    23.8507,      541.037,   228.755
    69.775,    23.8247,      541.944,   228.919
    69.825,    23.8247,      540.727,   229.083
    69.875,    23.8247,      542.254,   229.247
    69.925,    23.8507,      540.727,   229.411
    69.975,    23.7987,      541.944,   229.575
    70.025,    23.8542,      541.037,   229.739
    70.075,    23.7987,       541.54,   229.903
    70.125,    23.8507,      540.868,   230.068
    70.175,    23.8247,      541.944,   230.232
    70.225,    23.8247,      540.727,   230.396
    70.275,    23.8247,      542.254,    230.56
    70.325,    23.8507,      540.727,   230.724
    70.375,    23.8247,      541.944,   230.888
    70.425,    23.8247,      540.558,   231.052
    70.475,    23.8247,      542.254,   231.216
    70.525,    23.8507,      540.727,    231.38
    70.575,    23.7987,      541.944,   231.544
    70.625,    23.8507,      540.868,   231.708
    70.675,    23.8247,      541.944,   231.872
    70.725,    23.8247,      540.727,   232.036
    70.775,    23.8247,      542.084,     232.2
    70.825,    23.8299,      540.558,   232.364
    70.875,    23.8507,      541.829,   232.528
    70.925,    23.8247,      541.773,   232.692
    70.975,    23.8247,      540.558,   232.856
    71.025,    23.8247,      542.254,    233.02
    71.075,    23.8507,      540.558,   233.184
    71.125,    23.7987,      541.773,   233.348
    71.175,    23.8507,      541.037,   233.512
    71.225,    23.8247,      541.773,   233.676
    71.275,    23.8247,      540.558,    233.84
    71.325,    23.8247,      542.254,   234.005
    71.375,    23.8507,      540.558,   234.169
    71.425,    23.7987,      541.773,   234.333
    71.475,    23.8507,      540.868,   234.497
    71.525,    23.8056,      541.773,   234.661
    71.575,    23.8507,      540.537,   234.825
    71.625,    23.7987,      541.773,   234.989
    71.675,    23.8507,      540.868,   235.153
    71.725,    23.7987,      541.773,   235.317
    71.775,    23.8507,      540.868,   235.481
    71.825,    23.8247,      541.773,   235.645
    71.875,    23.8247,      540.558,   235.809
    71.925,    23.8247,      541.914,   235.973
    71.975,    23.8247,      540.727,   236.137
    72.025,    23.8299,      541.914,   236.301
    72.075,    23.8247,      541.512,   236.465
    72.125,    23.8247,      540.558,   236.629
    72.175,    23.8247,      542.084,   236.793
    72.225,    23.8299,      540.389,   236.957
    72.275,    23.7987,      541.671,   237.121
    72.325,    23.8507,      540.868,   237.285
    72.375,    23.7987,      541.604,   237.449
    72.425,    23.8247,      540.868,   237.613
    72.475,    23.8247,      542.084,   237.778
    72.525,    23.8247,      540.389,   237.942
    72.575,    23.8247,      542.084,   238.106
    72.625,    23.8247,      540.389,    238.27
    72.675,    23.8247,      542.084,   238.434
    72.725,    23.8056,      540.389,   238.598
    72.775,    23.8507,      541.961,   238.762
    72.825,    23.7987,      541.604,   238.926
    72.875,    23.8507,      540.699,    239.09
    72.925,    23.8056,      541.773,   239.254
    72.975,    23.8247,       540.38,   239.418
    73.025,    23.7987,      541.914,   239.582
    73.075,    23.8507,      540.699,   239.746
    73.125,    23.7987,      541.773,    239.91
    73.175,    23.8247,      540.699,   240.074
    73.225,    23.8247,      542.084,   240.238
    73.275,    23.8247,      540.389,   240.402
    73.325,    23.7987,      541.914,   240.566
    73.375,    23.8247,      540.868,    240.73
    73.425,    23.8247,      541.914,   240.894
    73.475,    23.8056,      540.558,   241.058
    73.525,    23.8507,      541.802,   241.222
    73.575,    23.7987,      541.604,   241.386
    73.625,    23.8247,      540.699,    241.55
    73.675,    23.8056,      542.084,   241.715
    73.725,    23.8247,       540.38,   241.879
    73.775,    23.7987,      541.914,   242.043
    73.825,    23.8507,      540.868,   242.207
    73.875,    23.7987,      541.604,   242.371
    73.925,    23.8247,      540.868,   242.535
    73.975,    23.7987,      541.914,   242.699
    74.025,    23.8247,      540.699,   242.863
    74.075,    23.7987,      542.084,   243.027
    74.125,    23.8247,      540.699,   243.191
    74.175,    23.8299,      542.084,   243.355
    74.225,    23.7987,      541.512,   243.519
    74.275,    23.8247,      540.699,   243.683
    74.325,    23.8056,      541.914,   243.847
    74.375,    23.8247,       540.38,   244.011
    74.425,    23.7987,      542.084,   244.175
    74.475,    23.8247,      540.699,   244.339
    74.525,    23.7987,      541.914,   244.503
    74.575,    23.8247,      540.699,   244.667
    74.625,    23.7987,      542.084,   244.831
    74.675,    23.8247,      540.699,   244.995
    74.725,    23.7987,      542.084,   245.159
    74.775,    23.8247,      540.699,   245.323
    74.825,    23.7987,      542.084,   245.487
    74.875,    23.8299,      540.699,   245.652
    74.925,    23.7987,      541.512,   245.816
    74.975,    23.7987,      542.395,    245.98
    75.025,    23.8299,      540.868,   246.144
    75.075,    23.7987,      541.354,   246.308
    75.125,    23.8247,      540.868,   246.472
    75.175,    23.7987,      541.914,   246.636
    75.225,    23.7987,      540.868,     246.8
    75.275,    23.7987,      542.225,   246.964
    75.325,    23.8247,      540.868,   247.128
    75.375,    23.7987,      541.914,   247.292
    75.425,    23.8247,      540.868,   247.456
    75.475,    23.8056,      541.914,    247.62
    75.525,    23.7987,      541.961,   247.784
    75.575,    23.8247,      540.699,   247.948
    75.625,    23.7987,      542.084,   248.112
    75.675,    23.8056,      540.868,   248.276
    75.725,    23.7987,      541.802,    248.44
    75.775,    23.8247,      540.868,   248.604
    75.825,    23.7987,      542.084,   248.768
    75.875,    23.8056,      540.699,   248.932
    75.925,    23.8247,      541.961,   249.096
    75.975,    23.7727,      541.914,    249.26
    76.025,    23.8247,      541.179,   249.424
    76.075,    23.7814,      542.084,   249.589
    76.125,    23.8117,      540.669,   249.753
    76.175,    23.8117,      541.284,   249.917
    76.225,    23.8171,      541.433,   250.081
    76.275,    23.7814,      542.226,   250.245
    76.325,    23.8078,      541.301,   250.409
    76.375,    23.8083,       541.57,   250.573
    76.425,     23.797,      541.506,   250.737
