Depth,Temperature,FCond
0.63,21.3774,-999
0.68,21.4342,595.698
0.73,21.4072,604.456
0.78,21.3814,601.965
0.83,21.3814,603.29
0.88,21.3384,604.522
0.93,21.3171,602.68
0.98,21.2985,604.372
1.03,21.2399,599.818
1.08,21.2528,597.72
1.13,21.2453,598.314
1.18,21.2785,598.242
1.23,21.2657,603.687
1.28,21.2852,598.392
1.33,21.3429,597.594
1.38,21.3612,603.219
1.43,21.3783,600.038
1.48,21.4329,601.577
1.53,21.4715,607.518
1.58,21.4582,607.775
1.63,21.4715,606.559
1.68,21.4844,605.551
1.73,21.4844,607.593
1.78,21.4844,604.308
1.83,21.5101,603.691
1.88,21.5101,606.25
1.93,21.4972,606.784
1.98,21.4844,602.367
2.03,21.4715,601.496
2.08,21.4981,598.566
2.13,21.4981,597.748
2.18,21.4981,596.499
2.23,21.4981,596.588
2.28,21.5114,596.855
2.33,21.4972,598.189
2.38,21.4981,597.061
2.43,21.5101,596.944
2.48,21.5247,597.313
2.53,21.523,596.843
2.58,21.538,596.618
2.63,21.5247,595.501
2.68,21.5487,595.685
2.73,21.5358,596.003
2.78,21.538,595.408
2.83,21.5404,595.768
2.88,21.538,595.694
2.93,21.538,597.015
2.98,21.538,596.391
3.03,21.5487,596.124
3.08,21.5647,596.864
3.13,21.5873,596.289
3.18,21.596,595.899
3.23,21.6084,596.707
3.28,21.6179,597.455
3.33,21.6516,597.249
3.38,21.6645,597.86
3.43,21.7031,595.952
3.48,21.6902,596.369
3.53,21.6977,595.597
3.58,21.711,595.698
3.63,21.711,596.587
3.68,21.7243,596.229
3.73,21.7416,596.135
3.78,21.7416,596.529
3.83,21.7674,595.578
3.88,21.7674,595.742
3.93,21.7776,595.31
3.98,21.7827,595.313
4.03,21.7931,595.717
4.08,21.7802,595.474
4.13,21.7952,595.133
4.18,21.7931,595.546
4.23,21.806,594.784
4.28,21.7931,595.643
4.33,21.8042,596.079
4.38,21.806,596.736
4.43,21.8175,596.075
4.48,21.8446,596.732
4.53,21.845,597.192
4.58,21.8703,596.117
4.63,21.896,595.191
4.68,21.8823,595.357
4.73,21.896,595.269
4.78,21.8948,595.877
4.83,21.9057,596.187
4.88,21.896,596.395
4.93,21.9346,596.137
4.98,21.9475,596.041
5.03,21.9639,595.257
5.08,21.9732,595.529
5.13,21.9732,596.206
5.18,21.9861,595.598
5.23,21.9732,597.074
5.28,22.0118,596.119
5.33,22.0118,596.547
5.38,22.0442,595.764
5.43,22.0633,595.904
5.48,22.0442,595.842
5.53,22.0761,595.652
5.58,22.0691,596.363
5.63,22.0761,596.491
5.68,22.089,596.015
5.73,22.1018,596.536
5.78,22.1147,595.924
5.83,22.1103,596.446
5.88,22.1147,596.043
5.93,22.1276,595.661
5.98,22.1313,596.27
6.03,22.1147,596.484
6.08,22.1189,596.097
6.13,22.1189,596.823
6.18,22.1276,597.077
6.23,22.1469,596.008
6.28,22.1662,596.11
6.33,22.1562,596.441
6.38,22.1562,595.806
6.43,22.1662,597.159
6.48,22.1562,597.316
6.53,22.1768,596.651
6.58,22.179,597.757
6.63,22.2048,596.79
6.68,22.2048,597.315
6.73,22.2309,596.876
6.78,22.2433,597.071
6.83,22.2433,596.901
6.88,22.2691,596.731
6.93,22.2931,596.875
6.98,22.2807,596.053
7.03,22.2795,595.883
7.08,22.2931,596.513
7.13,22.2931,596.561
7.18,22.3077,596.476
7.23,22.3205,596.262
7.28,22.3205,597.579
7.33,22.3554,596.788
7.38,22.3678,597.925
7.43,22.3977,597.415
7.48,22.4176,596.002
7.53,22.455,596.567
7.58,22.455,596.06
7.63,22.4674,595.89
7.68,22.4674,595.127
7.73,22.4846,596.572
7.78,22.4923,595.784
7.83,22.4966,595.384
7.88,22.5006,595.045
7.93,22.5048,594.52
7.98,22.5135,594.961
8.03,22.4878,595.925
8.08,22.4923,595.922
8.13,22.5297,596.49
8.18,22.5172,596.495
8.23,22.567,596.152
8.28,22.5708,595.904
8.33,22.6044,595.134
8.38,22.6168,594.55
8.43,22.6052,594.637
8.48,22.6132,594.319
8.53,22.5942,594.732
8.58,22.6293,594.579
8.63,22.6125,594.824
8.68,22.6109,594.717
8.73,22.6293,594.183
8.78,22.61,594.186
8.83,22.6109,594.797
8.88,22.6477,595.061
8.93,22.6293,595.57
8.98,22.6293,595.064
9.03,22.6477,594.687
9.08,22.6844,594.691
9.13,22.666,596.461
9.18,22.6844,595.826
9.23,22.7028,595.578
9.28,22.7395,595.456
9.33,22.7395,595.718
9.38,22.7579,594.962
9.43,22.7763,594.338
9.48,22.7836,593.714
9.53,22.7947,594.043
9.58,22.7947,594.599
9.63,22.7836,594.347
9.68,22.7947,594.835
9.73,22.7947,594.473
9.78,22.8222,595.228
9.83,22.8314,595.11
9.88,22.8314,593.98
9.93,22.8682,593.478
9.98,22.8682,594.242
10.03,22.8498,593.237
10.08,22.8608,593.608
10.13,22.8498,594.196
10.18,22.8608,594.363
10.23,22.8608,594.593
10.28,22.8866,594.593
10.33,22.8801,595.51
10.38,22.8866,594.731
10.43,22.9187,594.122
10.48,22.9233,593.818
10.53,22.9417,593.379
10.58,22.9417,593.134
10.63,22.9417,594.519
10.68,22.938,593.888
10.73,22.9601,594.486
10.78,22.9417,594.399
10.83,22.9968,594.393
10.88,22.9784,594.919
10.93,23.0152,593.776
10.98,23.0152,593.323
11.03,23.0152,593.059
11.08,23.0152,592.782
11.13,23.0152,593.411
11.18,23.0336,594.25
11.23,23.0336,595.695
11.28,23.052,594.428
11.33,23.0703,593.93
11.38,23.1071,593.433
11.43,23.0887,594.334
11.48,23.1117,593.188
11.53,23.1071,592.833
11.58,23.1255,592.566
11.63,23.1117,592.826
11.68,23.131,593.097
11.73,23.131,592.841
11.78,23.1438,593.238
11.83,23.1255,593.971
11.88,23.131,592.826
11.93,23.1438,594.034
11.98,23.1438,593.465
12.03,23.1806,593.465
12.08,23.1622,594.369
12.13,23.1806,594.233
12.18,23.199,593.735
12.23,23.2357,593.998
12.28,23.2357,594.906
12.33,23.2357,593.256
12.38,23.2661,592.877
12.43,23.2725,593.304
12.48,23.2854,593.276
12.53,23.2909,593.447
12.58,23.3092,594.555
12.63,23.3046,592.916
12.68,23.3092,593.325
12.73,23.331,592.789
12.78,23.3276,593.158
12.83,23.3276,591.788
12.88,23.3276,591.662
12.93,23.3276,592.799
12.98,23.3092,594.449
13.03,23.3276,593.042
13.08,23.3276,592.293
13.13,23.3432,592.672
13.18,23.3432,592.681
13.23,23.346,592.947
13.28,23.346,593.951
13.33,23.346,592.936
13.38,23.3625,593.063
13.43,23.3644,593.224
13.48,23.366,592.946
13.53,23.3828,593.542
13.58,23.4011,592.324
13.63,23.4011,592.334
13.68,23.3828,593.476
13.73,23.3828,593.084
13.78,23.4011,593.846
13.83,23.4204,593.73
13.88,23.4379,593.793
13.93,23.4397,594.263
13.98,23.4563,593.806
14.03,23.4538,593.384
14.08,23.4713,592.989
14.13,23.4888,594.094
14.18,23.4783,592.769
14.23,23.5114,593.163
14.28,23.5064,593.93
14.33,23.5114,592.538
14.38,23.5137,592.53
14.43,23.523,592.452
14.48,23.493,592.792
14.53,23.5298,593.662
14.58,23.5169,594.582
14.63,23.5114,593.991
14.68,23.5481,593.165
14.73,23.5555,592.809
14.78,23.5481,593.081
14.83,23.5849,593.063
14.88,23.5481,594.11
14.93,23.5665,593.828
14.98,23.5665,593.458
15.03,23.5849,594.225
15.08,23.5849,595.007
15.13,23.6033,593.599
15.18,23.6217,593.357
15.23,23.6217,593.371
15.28,23.6327,594.779
15.33,23.652,593.942
15.38,23.64,593.688
15.43,23.6584,593.768
15.48,23.6584,593.143
15.53,23.6768,593.143
15.58,23.6768,594.053
15.63,23.6584,593.541
15.68,23.6768,593.143
15.73,23.6993,593.157
15.78,23.6768,593.651
15.83,23.6768,593.285
15.88,23.6952,593.285
15.93,23.6768,594.452
15.98,23.6768,594.309
16.03,23.6906,593.669
16.08,23.7099,594.256
16.13,23.7135,594.272
16.18,23.7319,593.57
16.23,23.7099,594.611
16.28,23.7319,594.002
16.33,23.7319,593.585
16.38,23.7503,594.226
16.43,23.7687,594.113
16.48,23.7503,595.415
16.53,23.7687,593.856
16.58,23.7871,593.487
16.63,23.8054,593.502
16.68,23.8054,595.061
16.73,23.8064,594.417
16.78,23.8054,594.894
16.83,23.8256,594.417
16.88,23.8422,594.371
16.93,23.8606,593.935
16.98,23.8642,594.595
17.03,23.8606,594
17.08,23.8748,593.438
17.13,23.8973,592.943
17.18,23.8606,593.985
17.23,23.8789,593.438
17.28,23.8789,593.583
17.33,23.8973,593.711
17.38,23.8973,594.629
17.43,23.8789,593.214
17.48,23.9028,593.197
17.53,23.8973,593.495
17.58,23.9028,593.342
17.63,23.9157,593.9
17.68,23.8973,594.647
17.73,23.9221,593.728
17.78,23.9098,593.513
17.83,23.9221,593.465
17.88,23.9341,594.324
17.93,23.9525,595.311
17.98,23.9525,594.166
18.03,23.9708,593.651
18.08,23.9892,593.411
18.13,23.9892,594.073
18.18,23.9892,592.657
18.23,24.0052,592.529
18.28,23.9938,593.421
18.33,24.0015,593.175
18.38,23.98,592.433
18.43,24.0076,593.331
18.48,24.0076,593.575
18.53,23.9892,592.546
18.58,23.9892,593.428
18.63,24.0076,593.428
18.68,24.0076,594.349
18.73,23.9892,593.189
18.78,24.026,593.171
18.83,24.0443,593.207
18.88,24.026,594.386
18.93,24.026,593.851
18.98,24.0379,593.464
19.03,24.0572,594.302
19.08,24.0627,594.322
19.13,24.0811,593.63
19.18,24.0811,594.683
19.23,24.0995,593.649
19.28,24.0995,593.28
19.33,24.1178,594.185
19.38,24.1151,594.592
19.43,24.1204,593.839
19.48,24.1546,593.179
19.53,24.1546,593.596
19.58,24.173,594.503
19.63,24.173,593.099
19.68,24.173,593.222
19.73,24.173,592.841
19.78,24.173,593.222
19.83,24.173,593.228
19.88,24.173,594.393
19.93,24.173,593.629
19.98,24.173,592.97
20.03,24.1914,593.228
20.08,24.1914,593.119
20.13,24.1905,594.673
20.18,24.173,593.623
20.23,24.2097,594.004
20.28,24.2097,594.823
20.33,24.2116,593.527
20.38,24.2097,593.943
20.43,24.2309,593.656
20.48,24.2281,593.42
20.53,24.2465,593.288
20.58,24.2309,594.605
20.63,24.2281,593.828
20.68,24.2465,593.547
20.73,24.2465,592.791
20.78,24.2649,592.791
20.83,24.2465,593.977
20.88,24.2465,592.92
20.93,24.2281,592.791
20.98,24.2649,593.159
21.03,24.2309,594.107
21.08,24.2465,594.646
21.13,24.2281,593.826
21.18,24.2502,594.454
21.23,24.2649,594.668
21.28,24.2695,593.977
21.33,24.2832,594.417
21.38,24.2888,595.69
21.43,24.3016,594.986
21.48,24.3016,594.8
21.53,24.32,594.8
21.58,24.3751,594.301
21.63,24.3568,594.237
21.68,24.3568,593.175
21.73,24.3751,593.435
21.78,24.3751,592.938
21.83,24.3659,593.977
21.88,24.3568,593.576
21.93,24.3659,593.046
21.98,24.3568,593.849
22.03,24.3384,593.954
22.08,24.3659,594.583
22.13,24.3751,594.395
22.18,24.3568,595.541
22.23,24.3751,594.475
22.28,24.3852,594.497
22.33,24.3935,594.829
22.38,24.4119,594.129
22.43,24.4119,595.326
22.48,24.4119,594.282
22.53,24.4303,594.152
22.58,24.4238,594.044
22.63,24.4486,594.329
22.68,24.4431,595.504
22.73,24.4431,594.49
22.78,24.4486,594.627
22.83,24.4537,594.328
22.88,24.4854,593.558
22.93,24.4624,594.636
22.98,24.467,594.241
23.03,24.4854,594.351
23.08,24.4712,594.244
23.13,24.4854,595.575
23.18,24.4854,594.766
23.23,24.5038,594.505
23.28,24.5222,594.268
23.33,24.5222,594.814
23.38,24.5038,594.291
23.43,24.5396,594.529
23.48,24.5222,594.478
23.53,24.5589,594.553
23.58,24.5405,595.256
23.63,24.5405,594.708
23.68,24.5405,594.708
23.73,24.5773,594.577
23.78,24.5589,595.019
23.83,24.5773,594.601
23.88,24.5773,594.495
23.93,24.5957,594.757
23.98,24.5773,595.963
24.03,24.614,594.495
24.08,24.614,594.021
24.13,24.6324,593.89
24.18,24.6168,594.963
24.23,24.614,594.169
24.28,24.6168,593.76
24.33,24.614,594.581
24.38,24.614,594.545
24.43,24.6324,594.414
24.48,24.6115,595.357
24.53,24.6361,594.261
24.58,24.6324,594.195
24.63,24.6466,593.523
24.68,24.6324,594.059
24.73,24.6324,593.262
24.78,24.6508,593.654
24.83,24.6361,595.251
24.88,24.614,595.159
24.93,24.6361,595.332
24.98,24.6324,595.021
25.03,24.6508,594.701
25.08,24.6692,594.726
25.13,24.6692,595.672
25.18,24.6692,595.014
25.23,24.6692,595.146
25.28,24.7059,594.489
25.33,24.6875,595.198
25.38,24.6875,594.515
25.43,24.7059,593.991
25.48,24.7059,594.017
25.53,24.6875,595.33
25.58,24.694,594.515
25.63,24.7059,595.102
25.68,24.7059,594.41
25.73,24.7243,594.935
25.78,24.6992,596.279
25.83,24.7243,595.009
25.88,24.7611,594.961
25.93,24.7267,595.938
25.98,24.7603,594.166
26.03,24.7733,595.174
26.08,24.7694,595.648
26.13,24.7794,594.608
26.18,24.7978,594.647
26.23,24.7794,595.993
26.28,24.8098,595.173
26.33,24.7978,595.133
26.38,24.8162,594.937
26.43,24.8346,594.701
26.48,24.8162,595.784
26.53,24.8346,595.228
26.58,24.8571,594.729
26.63,24.8529,595.242
26.68,24.8529,594.624
26.73,24.8529,594.361
26.78,24.8713,594.756
26.83,24.8529,595.708
26.88,24.8747,594.493
26.93,24.8676,593.76
26.98,24.8897,594.39
27.03,24.8676,595.076
27.08,24.8713,594.528
27.13,24.8529,594.257
27.18,24.8713,594.361
27.23,24.8713,594.389
27.28,24.8713,595.973
27.33,24.8529,594.52
27.38,24.8713,594.756
27.43,24.8897,594.916
27.48,24.8713,596.266
27.53,24.8897,595.048
27.58,24.8897,594.548
27.63,24.9265,594.68
27.68,24.8897,595.927
27.73,24.9062,595.472
27.78,24.9081,595.557
27.83,24.9265,595.104
27.88,24.9448,594.605
27.93,24.9265,595.956
27.98,24.9255,595.001
28.03,24.9448,595.31
28.08,24.9448,594.37
28.13,24.9632,594.238
28.18,24.9448,595.323
28.23,24.9448,594.37
28.28,24.9265,594.501
28.33,24.9448,595.001
28.38,24.9265,596.221
28.43,24.9448,595.397
28.48,24.9265,595.757
28.53,24.9624,595.794
28.58,24.9632,596.165
28.63,24.9632,595.191
28.68,24.9816,595.191
28.73,24.9799,595.22
28.78,24.9816,596.32
28.83,24.9975,595.22
28.88,25,595.462
28.93,24.9975,594.72
28.98,25.0183,594.452
29.03,24.9975,595.544
29.08,25.015,594.326
29.13,24.9816,595.237
29.18,25,595.088
29.23,24.9975,595.117
29.28,24.9816,596.222
29.33,25,595.617
29.38,24.9975,595.249
29.43,25.0183,596.349
29.48,25.015,595.147
29.53,25.0183,594.859
29.58,25.0325,596.341
29.63,25.0325,595.392
29.68,25.0367,596.406
29.73,25.0325,595.707
29.78,25.0676,595.519
29.83,25.0551,595.957
29.88,25.0735,595.472
29.93,25.0735,594.972
29.98,25.0735,596.566
30.03,25.0735,595.369
30.08,25.1027,595.369
30.13,25.0735,596.016
30.18,25.0852,595.502
30.23,25.1102,595.226
30.28,25.0919,596.362
30.33,25.0852,595.931
30.38,25.1102,595.733
30.43,25.1203,596.628
30.48,25.1102,595.031
30.53,25.1286,595.829
30.58,25.1203,596.66
30.63,25.1286,595.158
30.68,25.1654,595.196
30.73,25.1286,596.19
30.78,25.1286,595.196
30.83,25.1553,595.063
30.88,25.1378,595.724
30.93,25.1286,594.807
30.98,25.1553,595.461
31.03,25.1203,595.979
31.08,25.1553,595.031
31.13,25.1378,595.724
31.18,25.1378,594.807
31.23,25.1378,596.076
31.28,25.1654,594.681
31.33,25.1286,595.79
31.38,25.1378,595.329
31.43,25.147,595.187
31.48,25.1286,597.226
31.53,25.1378,595.86
31.58,25.1837,595.187
31.63,25.1553,596.222
31.68,25.147,595.09
31.73,25.1904,595.36
31.78,25.1553,596.167
31.83,25.1837,595.597
31.88,25.1729,596.755
31.93,25.1837,595.374
31.98,25.1904,595.955
32.03,25.1837,596.804
32.08,25.2021,595.955
32.13,25.2205,595.72
32.18,25.2021,596.687
32.23,25.2205,595.72
32.28,25.2255,595.486
32.33,25.2389,596.356
32.38,25.208,595.651
32.43,25.243,595.815
32.48,25.243,597.025
32.53,25.2572,595.114
32.58,25.243,596.619
32.63,25.2572,595.114
32.68,25.2781,595.551
32.73,25.2572,596.322
32.78,25.2572,595.817
32.83,25.294,596.084
32.88,25.2572,596.819
32.93,25.294,595.951
32.98,25.2957,595.349
33.03,25.2781,596.098
33.08,25.294,595.303
33.13,25.294,595.616
33.18,25.2957,596.551
33.23,25.2957,595.207
33.28,25.294,596.609
33.33,25.2781,595.749
33.38,25.3124,595.557
33.43,25.3124,596.585
33.48,25.294,595.516
33.53,25.3124,595.883
33.58,25.3124,595.382
33.63,25.3124,596.987
33.68,25.2957,595.916
33.73,25.3308,595.971
33.78,25.3308,596.886
33.83,25.3308,595.779
33.88,25.3483,597.057
33.93,25.3308,595.684
33.98,25.3658,596.351
34.03,25.3483,596.866
34.08,25.3859,595.811
34.13,25.3658,596.855
34.18,25.3859,595.971
34.23,25.3859,595.917
34.28,25.3859,597.123
34.33,25.3859,595.783
34.38,25.4009,595.917
34.43,25.3859,597.188
34.48,25.4043,596.587
34.53,25.4185,596.219
34.58,25.4043,596.581
34.63,25.4185,595.817
34.68,25.4226,595.303
34.73,25.4185,597.059
34.78,25.4043,595.303
34.83,25.436,596.085
34.88,25.4043,596.87
34.93,25.4226,596.621
34.98,25.4594,596.521
35.03,25.441,597.398
35.08,25.436,596.422
35.13,25.4778,596.23
35.18,25.4711,596.896
35.23,25.4711,595.656
35.28,25.4778,596.809
35.33,25.4711,596.224
35.38,25.4711,596.04
35.43,25.4886,597.323
35.48,25.4962,595.69
35.53,25.4886,596.931
35.58,25.4962,595.306
35.63,25.5145,595.455
35.68,25.4778,597.236
35.73,25.4962,596.761
35.78,25.4962,595.857
35.83,25.5237,595.857
35.88,25.4962,596.141
35.93,25.5237,596.259
35.98,25.4962,596.911
36.03,25.5062,596.393
36.08,25.5237,595.851
36.13,25.5329,597.297
36.18,25.5237,596.33
36.23,25.5329,597.04
36.28,25.5329,595.793
36.33,25.5513,595.927
36.38,25.5588,596.232
36.43,25.5329,597.238
36.48,25.5513,596.599
36.53,25.5588,596.366
36.58,25.5697,596.981
36.63,25.5588,595.73
36.68,25.5697,596.852
36.73,25.5413,595.73
36.78,25.5763,596.047
36.83,25.5513,596.63
36.88,25.5588,596.232
36.93,25.5697,597.238
36.98,25.5513,596.537
37.03,25.5763,596.77
37.08,25.5697,597.531
37.13,25.588,596.806
37.18,25.588,596.573
37.23,25.5939,596.573
37.28,25.6064,597.695
37.33,25.6114,596.475
37.38,25.6064,597.602
37.43,25.5939,597.014
37.48,25.629,596.793
37.53,25.6432,597.766
37.58,25.6465,596.414
37.63,25.6248,597.544
37.68,25.6616,596.916
37.73,25.6432,596.316
37.78,25.6616,596.549
37.83,25.6616,597.667
37.88,25.6616,596.451
37.93,25.6616,596.316
37.98,25.6641,596.316
38.03,25.6616,597.193
38.08,25.6816,596.451
38.13,25.6616,596.971
38.18,25.6641,596.182
38.23,25.6816,595.777
38.28,25.6616,596.842
38.33,25.6816,596.182
38.38,25.6616,596.971
38.43,25.6616,596.047
38.48,25.6616,596.451
38.53,25.6799,596.586
38.58,25.6465,597.57
38.63,25.6799,596.77
38.68,25.6799,596.354
38.73,25.6816,598.247
38.78,25.6991,596.584
38.83,25.6983,597.265
38.88,25.6816,596.256
38.93,25.7167,596.198
38.98,25.6991,597.511
39.03,25.7167,596.233
39.08,25.6991,596.294
39.13,25.7167,597.136
39.18,25.6983,596.159
39.23,25.7167,596.661
39.28,25.7167,597.314
39.33,25.7167,597.819
39.38,25.7351,596.699
39.43,25.7342,596.737
39.48,25.7351,597.597
39.53,25.7518,596.467
39.58,25.7518,597.504
39.63,25.7351,596.6
39.68,25.7693,597.143
39.73,25.7518,597.93
39.78,25.7902,596.729
39.83,25.7718,597.802
39.88,25.7869,596.543
39.93,25.7902,596.415
39.98,25.7902,597.937
40.03,25.7718,596.852
40.08,25.8044,597.355
40.13,25.8044,597.875
40.18,25.7902,596.581
40.23,25.8269,597.259
40.28,25.8219,598.153
40.33,25.8395,597.006
40.38,25.8395,597.691
40.43,25.8453,596.656
40.48,25.857,596.563
40.53,25.8453,597.34
40.58,25.8637,596.97
40.63,25.8518,596.603
40.68,25.8637,596.604
40.73,25.857,597.961
40.78,25.8453,596.305
40.83,25.8746,596.834
40.88,25.8637,597.508
40.93,25.8453,596.061
40.98,25.8746,596.293
41.03,25.8637,596.86
41.08,25.857,596.332
41.13,25.8395,597.211
41.18,25.8453,596.656
41.23,25.8821,596.563
41.28,25.8453,596.914
41.33,25.8453,596.563
41.38,25.857,596.699
41.43,25.857,597.6
41.48,25.857,596.047
41.53,25.857,597.211
41.58,25.8637,596.305
41.63,25.8677,596.332
41.68,25.8821,596.688
41.73,25.8746,596.101
41.78,25.857,597.378
41.83,25.8921,596.693
41.88,25.857,597.806
41.93,25.8921,596.693
41.98,25.8821,597.547
42.03,25.8821,596.507
42.08,25.9005,596.914
42.13,25.8921,598.178
42.18,25.9096,596.769
42.23,25.8921,597.715
42.28,25.9005,596.769
42.33,25.9272,596.682
42.38,25.9096,597.364
42.43,25.9272,596.289
42.48,25.9096,597.624
42.53,25.9272,596.419
42.58,25.9188,597.364
42.63,25.9272,596.994
42.68,25.9372,597.884
42.73,25.9272,596.627
42.78,25.9556,596.457
42.83,25.9272,597.619
42.88,25.9623,596.457
42.93,25.9447,596.922
42.98,25.9623,596.107
43.03,25.9556,597.312
43.08,25.9447,596.531
43.13,25.9623,596.625
43.18,25.9684,597.572
43.23,25.9623,597.156
43.28,25.9556,596.404
43.33,25.9974,597.074
43.38,25.974,597.39
43.43,25.9974,596.979
43.48,25.974,597.52
43.53,25.9974,596.572
43.58,26.0107,596.093
43.63,25.9798,597.334
43.68,26.0149,596.572
43.73,25.9923,597.3
43.78,26.0019,596.612
43.83,25.9798,596.982
43.88,26.0149,596.443
43.93,25.9798,597.3
43.98,26.0149,596.702
44.03,25.9923,597.56
44.08,25.9974,597.292
44.13,26.0291,596.611
44.18,25.9974,598.057
44.23,26.0149,596.871
44.28,26.0107,597.82
44.33,26.0149,597.198
44.38,26.0324,597.04
44.43,26.0324,597.991
44.48,26.0324,596.819
44.53,26.05,597.73
44.58,26.05,596.599
44.63,26.0523,597.77
44.68,26.0475,597.469
44.73,26.0523,597.144
44.78,26.0475,597.719
44.83,26.05,597.008
44.88,26.0659,597.249
44.93,26.0475,599.101
44.98,26.0675,597.69
45.03,26.0842,597.159
45.08,26.0675,598.732
45.13,26.0851,597.68
45.18,26.1026,598.373
45.23,26.1026,596.849
45.28,26.1026,598.545
45.33,26.1202,597.109
45.38,26.1202,598.324
45.43,26.1377,597.15
45.48,26.1202,597.843
45.53,26.121,596.629
45.58,26.1394,597.176
45.63,26.1202,598.725
45.68,26.1377,597.15
45.73,26.1394,598.365
45.78,26.1202,597.219
45.83,26.1529,596.759
45.88,26.1552,597.577
45.93,26.1377,597.753
45.98,26.1728,596.799
46.03,26.1377,597.664
46.08,26.1552,596.799
46.13,26.1377,597.884
46.18,26.1552,596.93
46.23,26.1394,597.884
46.28,26.1577,597.082
46.33,26.1552,596.852
46.38,26.1394,597.622
46.43,26.1377,596.946
46.48,26.1552,596.669
46.53,26.1377,597.753
46.58,26.1577,596.799
46.63,26.1362,598.22
46.68,26.1377,596.541
46.73,26.121,597.973
46.78,26.1552,597.449
46.83,26.1194,597.753
46.88,26.1394,596.627
46.93,26.1202,598.45
46.98,26.1394,597.15
47.03,26.1394,597.082
47.08,26.1377,598.45
47.13,26.1377,596.93
47.18,26.1202,598.104
47.23,26.1377,597.019
47.28,26.1377,598.235
47.33,26.1377,597.06
47.38,26.1377,598.104
47.43,26.1377,597.19
47.48,26.1377,598.235
47.53,26.1552,597.06
47.58,26.1202,598.014
47.63,26.1552,597.41
47.68,26.1394,597.884
47.73,26.1394,597.492
47.78,26.1552,597.355
47.83,26.1394,598.014
47.88,26.1377,597.355
47.93,26.1728,596.93
47.98,26.1377,597.925
48.03,26.1761,596.93
48.08,26.1552,597.989
48.13,26.1552,596.97
48.18,26.1529,598.145
48.23,26.1728,597.078
48.28,26.1761,598.318
48.33,26.1728,597.305
48.38,26.1577,598.448
48.43,26.1761,597.672
48.48,26.1728,597.441
48.53,26.1728,598.318
48.58,26.1761,597.142
48.63,26.1903,597.441
48.68,26.1728,598.228
48.73,26.2079,597.403
48.78,26.1865,598.139
48.83,26.1945,598.407
48.88,26.1903,597.759
48.93,26.2033,597.705
48.98,26.2254,598.322
49.03,26.2079,598.312
49.08,26.2129,597.355
49.13,26.2313,597.665
49.18,26.2254,598.67
49.23,26.2313,597.266
49.28,26.2429,597.572
49.33,26.2254,598.355
49.38,26.2429,597.266
49.43,26.2429,598.355
49.48,26.2429,597.046
49.53,26.2429,598.355
49.58,26.2605,597.177
49.63,26.2313,598.135
49.68,26.2605,597.709
49.73,26.2429,598.004
49.78,26.2605,597.307
49.83,26.2496,598.397
49.88,26.2496,597.479
49.93,26.2605,597.753
49.98,26.2496,598.528
50.03,26.2605,597.616
50.08,26.2536,597.219
50.13,26.278,598.318
50.18,26.2605,598.571
50.23,26.278,597.349
50.28,26.2605,598.44
50.33,26.278,597.349
50.38,26.278,598.308
50.43,26.278,597.261
50.48,26.268,598.308
50.53,26.268,597.386
50.58,26.278,597.386
50.63,26.2864,598.44
50.68,26.2605,597.293
50.73,26.2956,597.611
50.78,26.278,598.22
50.83,26.278,597.261
50.88,26.278,598.834
50.93,26.3131,597.653
50.98,26.278,598.526
51.03,26.3131,597.915
51.08,26.2956,598.657
51.13,26.3131,597.827
51.18,26.3231,598.92
51.23,26.3307,597.794
51.28,26.3048,598.438
51.33,26.3131,598.024
51.38,26.3415,597.738
51.43,26.3207,598.803
51.48,26.3307,597.228
51.53,26.3048,598.569
51.58,26.3482,598.024
51.63,26.304,598.612
51.68,26.3307,597.813
51.73,26.3307,599.227
51.78,26.3307,598.044
51.83,26.3307,598.964
51.88,26.3482,597.912
51.93,26.3415,598.744
51.98,26.3415,598.252
52.03,26.3415,598.252
52.08,26.3307,599.493
52.13,26.3657,598.569
52.18,26.3307,599.579
52.23,26.3599,598.832
52.28,26.3657,598.71
52.33,26.3657,599.711
52.38,26.3833,598.393
52.43,26.3833,599.227
52.48,26.3833,597.911
52.53,26.3833,599.227
52.58,26.3966,598.174
52.63,26.3966,599.493
52.68,26.3783,598.251
52.73,26.4008,598.481
52.78,26.3783,599.271
52.83,26.3833,598.481
52.88,26.3966,598.174
52.93,26.3833,599.632
52.98,26.4008,598.042
53.03,26.3833,599.139
53.08,26.4008,598.305
53.13,26.3833,599.139
53.18,26.4008,598.174
53.23,26.3833,599.139
53.28,26.3783,598.174
53.33,26.4008,598.481
53.38,26.3783,599.403
53.43,26.3966,598.481
53.48,26.4008,598.389
53.53,26.3783,599.271
53.58,26.4008,598.756
53.63,26.3833,599.271
53.68,26.3833,598.305
53.73,26.3833,599.623
53.78,26.4008,598.437
53.83,26.3783,599.139
53.88,26.3833,598.756
53.93,26.4008,598.305
53.98,26.3833,599.403
54.03,26.3966,598.305
54.08,26.3783,599.77
54.13,26.3783,598.756
54.18,26.3966,599.032
54.23,26.3833,598.389
54.28,26.3833,599.623
54.33,26.415,598.437
54.38,26.3657,599.54
54.43,26.4008,598.788
54.48,26.3833,599.403
54.53,26.4008,598.437
54.58,26.3833,599.403
54.63,26.3833,598.568
54.68,26.3833,599.755
54.73,26.3966,598.437
54.78,26.4008,598.665
54.83,26.3783,599.403
54.88,26.3966,598.894
54.93,26.3833,598.527
54.98,26.3966,599.887
55.03,26.4008,598.527
55.08,26.3833,599.535
55.13,26.4008,598.437
55.18,26.3833,599.403
55.23,26.4008,598.568
55.28,26.3833,599.535
55.33,26.3783,598.568
55.38,26.4008,599.032
55.43,26.3833,599.668
55.48,26.415,598.568
55.53,26.3966,599.956
55.58,26.3783,598.803
55.63,26.4008,598.894
55.68,26.3966,599.668
55.73,26.4008,598.941
55.78,26.4008,598.481
55.83,26.4008,599.8
55.88,26.4008,598.349
55.93,26.3966,599.8
55.98,26.4184,598.941
56.03,26.3966,599.58
56.08,26.4046,598.941
56.13,26.415,599.195
56.18,26.3966,598.711
56.23,26.3966,598.941
56.28,26.4184,598.941
56.33,26.415,599.448
56.38,26.4008,598.711
56.43,26.4008,599.932
56.48,26.4184,598.481
56.53,26.415,599.58
56.58,26.4008,598.711
56.63,26.4008,598.481
56.68,26.4008,599.8
56.73,26.4334,598.481
56.78,26.4008,599.864
56.83,26.4184,598.481
56.88,26.3966,600.374
56.93,26.3966,1085.33
56.98,26.4184,3849.93
57.03,26.4334,5745.65
57.08,26.4535,6962.97
57.13,26.4885,7984.02
57.18,26.5236,9040.15
57.23,26.5587,9155.42
57.28,26.5804,9775.12
57.33,26.5938,9699.13
57.38,26.6464,9698.09
57.43,26.664,10046.9
57.48,26.6815,9718.73
57.53,26.6907,10077
57.58,26.7091,9824.21
57.63,26.7458,9783.24
57.68,26.7166,10201.1
57.73,26.7458,9673.39
57.78,26.7517,9812.98
57.83,26.7341,10062.4
57.88,26.7692,9704.6
57.93,26.7517,10096.3
57.98,26.7642,9701.07
58.03,26.7692,10237.7
58.08,26.7868,9732.49
58.13,26.7868,10092.6
58.18,26.8043,9764.14
58.23,26.7868,10089
58.28,26.8193,9764.14
58.33,26.8043,9835.47
58.38,26.8218,10126.8
58.43,26.8218,9757.05
58.48,26.8241,10123.2
58.53,26.8241,10031
58.58,26.8218,9653.37
58.63,26.8394,10123.2
58.68,26.8409,9753.51
58.73,26.8409,9992.02
58.78,26.8409,10027.6
58.83,26.8218,10027.6
58.88,26.8577,9757.05
58.93,26.8409,10059.9
58.98,26.8394,10027.6
59.03,26.8745,9753.51
59.08,26.8394,10112.1
59.13,26.8569,9788.91
59.18,26.8409,10115.8
59.23,26.8577,9716.53
59.28,26.8745,10024.1
59.33,26.8409,10112.1
59.38,26.8745,9716.53
59.43,26.8577,10020.6
59.48,26.8745,10024.1
59.53,26.8569,10056.4
59.58,26.8745,9785.36
59.63,26.8745,10056.4
59.68,26.8745,9781.81
59.73,26.8745,10188.6
59.78,26.8745,9781.81
59.83,26.8745,10188.6
59.88,26.8912,9781.81
59.93,26.9095,10088.9
59.98,26.8745,10181.2
60.03,26.908,9743.37
60.08,26.9095,10085.4
60.13,26.8912,10181.2
60.18,26.9271,9773.79
60.23,26.9248,10216.2
60.28,26.908,10081.9
