index,depth,mean_SN_ratio,Fracture_Type,azimuth,dip
447,42.24,0.26777942509315383,2,172.71,44.25
835,63.4,0.2676029841726812,2,173.51,46.03
547,46.19,0.26749096808182315,2,220.77,43.29
501,43.87,0.26746450919534076,2,8.59,69.26
932,68.45,0.2674538388374742,2,183.07,42.83
806,60.62,0.26732747882121616,2,170.35,45.25
173,24.34,0.2673023363801103,2,18.96,67.62
269,34.35,0.2670906145173163,2,226.24,42.73
56,14.54,0.2670058798368624,2,213.46,38.61
482,43.28,0.2669330336461458,2,200.4,39.31
892,66.26,0.26687997847478045,2,2.07,70.32
418,40.83,0.26682124231646454,2,219.23,39.27
488,43.45,0.26679178603109227,2,203.19,37.65
987,70.49,0.26658903798519074,2,227.16,47.28
246,33.29,0.2665809741512918,2,230.1,45.38
485,43.35,0.26646923274697837,2,17.36,65.35
277,34.7,0.26644847554551593,2,191.39,41.64
55,14.48,0.2664160633187921,2,207.83,37.09
492,43.55,0.26638086644389075,2,186.32,43.16
85,17.36,0.26635244220366855,2,200.45,36.7
238,32.99,0.26623480564301355,2,230.2,44.15
31,10.3,0.26616448094316003,2,190.28,42.25
804,60.44,0.26611414151213286,1,180.86,45.46
503,43.95,0.26588053977239134,2,194.1,41.78
508,44.18,0.26587295584452036,2,25.82,65.06
410,40.47,0.26584335068958376,2,14.96,70.9
833,63.3,0.26575039140274204,2,200.57,41.41
783,58.54,0.2655636927960297,2,208.31,42.36
232,32.57,0.26548810743379797,2,230.68,43.11
865,64.92,0.2654697381394536,2,229.36,49.51
35,11.14,0.265385486131267,2,198.15,35.51
25,9.43,0.26536425912301403,1,192.02,42.65
82,16.78,0.26517714380837276,2,223.45,47.78
131,21.17,0.26509729855443553,2,193.88,42.55
528,45.16,0.26507407429942687,2,0.77,67.68
91,17.95,0.2650355147736671,2,0.49,74.48
184,26.31,0.2649187167475032,2,165.65,45.13
153,22.39,0.26486346261560745,2,5.74,65.38
860,64.65,0.26466767046951567,2,233.44,50.53
426,41.06,0.26466529206063977,2,359.15,68.27
765,56.05,0.2645728678950589,2,232.56,50.98
831,62.53,0.26452716908685464,2,189.55,35.14
781,58.51,0.2644933378284159,2,217.19,45.8
505,44.04,0.2644626734224345,2,14.58,72.07
514,44.41,0.26440087572075177,1,197.02,42.73
204,30.4,0.26433515145837067,2,358.33,68.5
650,50.76,0.26433482551256615,2,178.98,36.76
720,53.17,0.2642709417418658,2,355.35,71.86
317,36.72,0.2641256238066258,2,231.73,51.62
572,47.63,0.2640804812991335,2,18.14,63.13
179,25.14,0.2640601262594208,2,8.4,73.53
450,42.32,0.26386326342473265,1,32.41,73.59
45,11.72,0.2637885254915723,2,183.84,35.34
278,34.73,0.26371237242964557,2,205.01,43.34
314,36.6,0.2636576904818095,2,235.88,46.86
914,67.82,0.26339955692831524,2,232.79,52.58
674,51.99,0.26329983189813866,2,180.7,47.69
752,54.6,0.26320558992722753,2,22.16,62.61
867,65.02,0.26315520528376996,2,232.21,52.8
526,45.06,0.263034888005177,2,353.12,74.29
86,17.42,0.262914955870117,1,214.7,34.77
856,64.39,0.262899439243407,2,355.59,69.28
477,43.13,0.26280740745749104,2,180.41,35.38
499,43.8,0.2627501686045989,2,6.29,74.88
201,30.1,0.2625931101745128,2,353.8,76.72
186,26.79,0.26255752238116775,2,357.8,67.19
1005,71.24,0.2624343363938066,2,187.05,45.87
203,30.31,0.26210609802678875,2,351.96,74.23
231,32.55,0.26199882235385774,2,237.85,47.24
750,54.42,0.261957559550387,2,352.08,73.06
187,27.52,0.2618011270826167,2,357.75,66.64
805,60.57,0.26165980981424813,2,181.35,34.5
138,21.36,0.2613938487223718,2,230.31,53.83
970,69.88,0.26138672002732544,2,168.67,38.82
364,38.55,0.2613504695687715,2,235.66,54.79
206,30.46,0.2612855387429033,2,353.48,78.26
790,59.07,0.26104705249442717,2,37.75,76.75
486,43.39,0.26099672817777675,2,29.97,62.19
237,32.96,0.26097751288806886,2,239.33,50.83
254,33.56,0.26093786310721584,2,353.42,69.48
54,14.34,0.2609195558795442,1,212.11,46.3
589,48.56,0.2608949199883507,2,352.52,70.51
896,66.56,0.26089107501883957,2,7.12,62.46
189,28.92,0.2608419942423914,2,358.0,65.83
1049,74.66,0.2608176254877243,2,350.58,74.48
30,10.18,0.26055347897938447,2,230.04,54.34
845,63.73,0.2604796937924484,2,239.0,46.59
507,44.12,0.26034414908204867,2,12.72,74.61
212,31.12,0.2601228057771996,2,349.8,75.94
295,35.55,0.2600930542445547,2,239.8,52.91
196,29.38,0.2599713757042276,2,351.59,70.71
43,11.7,0.25981230397455,2,48.67,72.16
365,38.57,0.25956415811809574,2,31.3,61.71
267,34.23,0.2595311735164476,2,11.2,61.07
766,56.07,0.2595219717215435,2,350.28,72.25
315,36.64,0.25951252475469777,2,227.23,53.63
529,45.19,0.2593018614240508,2,10.29,61.09
1025,72.18,0.25929804228520137,2,170.04,36.8
474,43.0,0.2591989366611567,2,349.39,73.72
1044,74.05,0.25909130621059956,2,238.88,56.08
636,50.21,0.25908716282885963,2,241.02,50.14
527,45.06,0.25902875554188065,1,216.91,48.83
634,50.16,0.2590044776558822,2,349.54,72.96
576,48.0,0.2588118238795799,2,352.1,68.99
218,31.79,0.25879509083396124,2,196.1,45.77
1008,71.27,0.25873572147977986,2,186.29,32.2
998,70.96,0.25872396842023876,2,356.87,65.2
571,47.59,0.2585556089942361,2,16.54,60.17
1050,74.85,0.25844540333294574,2,220.84,50.85
637,50.25,0.25835822714732154,2,10.5,60.63
531,45.36,0.25830521158363684,2,25.47,60.28
216,31.37,0.25827642724334743,2,12.0,60.4
868,65.04,0.25825520500577337,2,21.02,60.0
233,32.59,0.2581580251033091,2,239.67,44.38
209,30.73,0.25810702635536903,2,350.16,70.73
584,48.43,0.2580098215362486,2,240.78,55.49
810,60.8,0.25783638008251214,2,30.04,60.67
785,58.84,0.2577650616673345,2,351.01,81.12
456,42.52,0.2577267164075904,2,347.7,76.4
294,35.52,0.25767981267245066,2,15.52,59.84
151,22.2,0.2575467283379978,2,353.37,66.91
393,39.52,0.25753846072041703,2,242.12,49.53
440,41.61,0.25747526576904084,2,347.51,77.55
135,21.27,0.2574134307317582,2,176.87,52.61
885,65.74,0.2573681659606313,2,240.52,56.84
123,20.82,0.2572582394974003,2,348.3,72.95
58,14.92,0.25692610068536126,2,204.08,30.69
396,39.66,0.25675489745504304,2,242.51,53.96
273,34.5,0.256724206705302,2,242.29,47.81
762,55.64,0.2566962493050326,2,348.99,71.04
220,31.85,0.25663863628203076,2,242.77,49.7
757,55.14,0.25656352037347463,2,355.09,65.1
200,30.04,0.2563264044324519,2,350.37,68.93
568,47.44,0.2562992898986842,2,235.3,38.54
242,33.17,0.25628564827446093,2,346.86,75.23
878,65.53,0.2562663330293382,2,241.14,57.61
207,30.55,0.25623107368315373,2,347.64,72.93
235,32.8,0.2562045661493645,2,347.1,74.23
420,40.89,0.2561798785604476,2,355.72,64.51
299,35.72,0.25617347199201956,2,242.86,48.56
760,55.58,0.2561594499702583,2,346.51,76.87
767,56.3,0.2560509524842029,2,352.31,66.86
532,45.39,0.25593647239445433,2,32.1,60.25
841,63.62,0.2559065694082526,2,226.72,55.3
861,64.66,0.2557280431671546,2,0.06,62.18
1041,73.6,0.2557144639075866,2,236.77,60.0
245,33.24,0.25569924551734896,2,243.3,53.95
404,40.0,0.25569724758735446,2,182.81,50.43
107,19.76,0.25554962064934594,2,346.38,75.25
411,40.47,0.2554694021471149,2,243.4,54.25
875,65.32,0.2553406910299989,2,231.52,58.42
574,47.9,0.25501341579049486,2,347.92,71.07
751,54.46,0.25501270570485846,2,348.21,70.63
1011,71.42,0.25495745974006656,2,244.01,51.4
41,11.56,0.2548507910593355,2,168.78,35.07
758,55.16,0.2548415036523053,2,159.21,41.84
520,44.72,0.2548210055102318,2,349.24,69.12
645,50.55,0.25480446265087603,2,242.86,57.12
915,67.85,0.2547770232171375,2,240.42,59.93
471,42.98,0.25477500070857234,2,348.42,70.13
28,9.82,0.25475504530118165,2,345.79,75.65
604,49.04,0.25472191116604764,2,244.06,53.39
643,50.44,0.25471758503750674,2,240.94,59.62
306,36.09,0.2545852953878904,2,10.49,59.09
909,67.69,0.25456307835120284,2,235.41,60.62
877,65.5,0.254529055057135,2,240.86,59.88
610,49.29,0.2545004801291691,2,347.51,71.24
120,20.66,0.2544401254462738,2,345.29,78.1
534,45.56,0.2542148340820733,2,12.49,58.71
417,40.83,0.25407504835063943,2,359.37,61.75
537,45.72,0.25403714452578896,2,345.08,79.32
285,35.03,0.2540174226383142,2,244.55,50.7
812,60.94,0.2540140416975039,2,22.49,76.35
98,18.83,0.25398345045773213,2,345.02,77.56
93,18.44,0.25393850932983775,2,345.57,74.71
358,38.23,0.25393323708089804,2,160.42,39.92
573,47.88,0.25392063336871756,2,346.74,82.98
361,38.37,0.25382698237687495,2,244.49,49.38
985,70.39,0.2537335103875727,2,189.47,48.81
143,21.56,0.25369921487688996,2,241.92,43.13
768,56.52,0.25369238293561286,2,347.96,69.89
1036,73.03,0.2536850824419303,2,353.06,64.98
432,41.35,0.2536620508218992,2,351.15,66.46
560,46.97,0.2535726994264145,2,244.4,55.47
15,8.42,0.25354956203317214,2,177.57,31.61
647,50.6,0.25350875154793817,2,244.75,54.0
910,67.71,0.25343283521110216,2,238.92,61.75
916,67.87,0.25341591073268627,2,233.06,60.4
897,66.63,0.25335621073012177,2,210.31,48.83
279,34.75,0.2533330026830502,2,230.29,58.83
830,62.52,0.2532804270479697,2,14.83,58.17
148,21.85,0.2532626010130425,2,202.62,47.63
341,37.68,0.2531957083818354,2,244.93,49.82
304,35.89,0.25312330894342316,2,244.52,56.08
287,35.16,0.253073598396544,2,243.42,44.97
241,33.15,0.2530533291673245,2,245.17,52.24
444,42.12,0.25305113412326724,2,345.95,72.58
959,69.46,0.2529843087506728,no data,244.77,55.52
1042,73.93,0.252962319985145,2,244.84,48.64
709,52.84,0.25286527316362656,2,355.56,63.04
95,18.6,0.2528462131263026,2,237.75,62.3
161,23.02,0.25281888290828464,2,200.07,47.69
838,63.56,0.2527902848144851,2,242.41,43.01
870,65.13,0.2527516612789355,2,245.27,50.51
747,54.25,0.25274662965836037,2,243.65,58.69
654,50.93,0.25265419210033735,2,352.68,64.74
633,50.15,0.2525698627862619,2,244.75,56.5
755,54.99,0.25254005482700775,2,345.68,72.57
389,39.41,0.2525174298434843,1,54.3,82.89
113,20.36,0.25242418739285133,2,172.57,57.42
644,50.47,0.25238801356019963,2,243.41,59.53
49,13.29,0.2522787479220167,2,347.82,69.04
888,65.88,0.25227658068725556,2,245.35,54.89
535,45.62,0.25222778970197707,2,9.19,58.42
605,49.08,0.2521029164867931,2,233.57,61.47
550,46.46,0.25205235239341617,2,244.29,58.47
164,23.12,0.2517781682154054,2,245.58,49.0
580,48.28,0.25173424148962126,2,348.64,67.75
262,33.83,0.25164961297955146,2,194.16,48.49
303,35.85,0.2516049739379144,2,245.31,56.67
728,53.55,0.25138751301844403,2,353.6,63.54
17,8.47,0.2511730201484109,2,6.74,58.49
772,56.93,0.2511474839741851,2,31.25,58.28
775,57.41,0.25111230030117626,2,346.59,69.83
871,65.22,0.2510975941492827,2,29.72,58.01
701,52.68,0.2510820106601537,2,190.16,49.47
822,61.39,0.25105458379885,2,34.52,79.84
743,54.06,0.2509076364838939,2,349.38,66.54
815,61.05,0.2508648679288118,2,236.46,63.52
219,31.83,0.2507920277712846,2,244.6,44.7
997,70.96,0.2506292605613913,no data,242.96,62.0
891,66.18,0.2505928982613163,2,245.17,58.72
921,68.08,0.2505245930714579,2,237.56,64.02
253,33.56,0.2504479886728115,2,244.25,60.58
67,15.54,0.2501816175316314,2,241.05,39.5
74,15.81,0.2501331119134142,2,229.59,32.66
694,52.62,0.2501244618670662,2,356.8,61.29
966,69.72,0.2500636084005761,2,245.12,59.55
221,31.88,0.25000284565443825,2,246.84,51.79
999,70.98,0.24984006955181526,2,246.93,52.5
142,21.51,0.24973021153824018,2,245.98,58.05
646,50.57,0.2496583732100374,2,246.73,55.46
121,20.72,0.24945575739436973,2,343.42,74.2
1045,74.28,0.24924165467827178,2,231.67,61.92
112,20.29,0.2492300307185168,2,192.36,49.51
268,34.26,0.24919773630163575,2,246.91,48.88
873,65.3,0.24905403832545484,2,35.33,58.44
530,45.22,0.24902448134086036,2,342.65,75.95
756,55.05,0.2489594554966749,2,347.81,67.03
816,61.13,0.24890902272993787,2,229.58,60.57
614,49.44,0.24887600420903366,2,244.88,61.39
472,42.99,0.24882887787686722,2,191.48,49.81
265,34.07,0.2487910265944314,2,247.07,48.67
817,61.16,0.24875379307398057,2,247.27,49.64
851,64.22,0.24869205167839084,2,0.08,59.44
334,37.43,0.2486249680794007,2,244.77,61.83
172,24.31,0.24853705911031423,2,349.68,65.08
813,60.99,0.24853280572143166,2,246.67,58.05
582,48.31,0.248472076271393,2,246.32,59.09
994,70.72,0.24840296340121543,2,246.34,59.14
437,41.55,0.24826345412656664,2,349.36,65.22
564,47.17,0.24819218440912286,2,246.51,59.02
380,39.04,0.24814607206253778,2,29.79,57.04
291,35.42,0.24812373723897738,2,245.81,60.65
191,29.01,0.24803735700404872,2,57.95,80.34
972,69.94,0.2479789111086219,2,243.38,64.12
968,69.8,0.24789299403015852,2,241.89,65.33
64,15.31,0.2478927365527891,2,224.82,30.31
1010,71.37,0.24787969312576597,2,240.95,65.79
353,38.09,0.24786904529468154,2,247.77,54.73
640,50.3,0.24777171000912462,2,244.56,63.0
239,33.03,0.24762475110444918,2,247.96,54.09
509,44.22,0.24762142267986795,2,247.79,55.44
158,22.85,0.24756353515445134,2,247.75,49.05
406,40.1,0.2473258233565343,2,158.87,66.26
76,15.87,0.24731617769928907,2,248.18,52.06
255,33.62,0.24722379917435786,2,18.06,56.03
252,33.55,0.24718141627298817,2,246.7,59.96
178,25.13,0.24700219672509646,2,343.34,71.89
70,15.69,0.2469873717593805,2,225.52,30.18
144,21.57,0.24679635179772916,2,344.11,70.4
79,16.01,0.24678684519443916,2,176.04,29.52
441,41.67,0.246781784279866,2,179.56,28.77
764,55.99,0.24670038152122084,2,353.02,61.96
175,24.72,0.2465615903458745,2,349.04,64.7
104,19.61,0.24654396591112207,2,246.42,61.34
66,15.46,0.2465399925597352,3,246.66,44.32
272,34.47,0.2464914374559202,2,246.73,60.77
521,44.77,0.24636752672626372,2,178.81,28.78
844,63.7,0.24631047459781444,2,248.5,50.03
261,33.83,0.24618835572726377,2,247.95,57.92
700,52.66,0.24615513481107926,2,240.07,67.43
552,46.54,0.24612131011398997,2,243.45,65.73
880,65.59,0.24609675285113142,2,243.06,66.08
517,44.51,0.2460334394892759,2,203.04,26.84
967,69.73,0.24601540745775585,2,241.9,66.92
1034,72.87,0.24592758431404066,2,235.97,66.7
329,37.23,0.24589935770679514,2,248.74,54.54
913,67.8,0.2458931985782642,2,247.39,60.01
540,45.92,0.24583510597031366,2,247.34,60.21
109,19.98,0.2457286078348543,2,246.73,61.67
301,35.8,0.24571915436693234,2,248.89,53.75
960,69.51,0.24564468102542436,2,244.49,65.11
115,20.38,0.24555537845819078,2,155.13,40.01
555,46.67,0.2455489193636782,2,248.99,53.34
616,49.53,0.2454703644141398,2,243.98,65.81
257,33.72,0.24543267131941038,2,235.34,66.67
223,31.95,0.2454103683953827,2,248.56,57.02
840,63.6,0.24540061147437126,2,221.84,56.43
283,34.95,0.24533644319860293,2,248.43,57.7
290,35.36,0.24527441428822122,2,245.16,64.64
165,23.3,0.24521259357703407,2,345.31,67.76
259,33.76,0.24516946765831846,2,248.61,57.3
869,65.1,0.24504411793519704,2,249.2,51.3
1026,72.39,0.24491222564407392,2,248.06,45.71
549,46.4,0.24490690464522225,2,246.75,62.54
391,39.48,0.24489309079433189,2,247.05,61.98
620,49.76,0.24488895925006862,2,354.5,60.48
1020,71.81,0.24487902978684462,2,342.36,72.0
609,49.22,0.24477641076040768,2,249.31,53.89
409,40.35,0.24476917778303636,1,57.85,88.29
188,28.85,0.24462529135720282,1,59.65,81.08
731,53.64,0.24458770128298077,2,200.93,49.96
286,35.05,0.24457398047298914,2,249.34,54.61
626,49.89,0.2445639723442327,2,247.81,60.7
770,56.76,0.24436586935455953,2,234.4,66.72
846,63.73,0.244218542419468,2,348.35,64.24
356,38.14,0.24402980005198557,2,249.34,56.34
367,38.65,0.24396231929937437,2,249.27,56.86
559,46.89,0.2439429841221164,2,246.94,63.21
716,53.0,0.24390603510083023,2,235.35,67.71
424,41.03,0.24382990119397135,2,248.38,60.19
876,65.39,0.24376868068583765,2,246.99,63.3
258,33.75,0.24375424521236527,2,248.8,59.06
808,60.7,0.24372395241080047,2,247.34,62.69
577,48.1,0.2436998686646021,2,249.61,55.59
952,69.28,0.24363859215413555,2,243.97,67.44
946,69.07,0.24358883663884187,2,248.25,60.84
624,49.84,0.24342865205689654,2,246.66,64.21
943,69.02,0.24334339686259915,2,249.19,58.38
1047,74.48,0.24328254092630475,2,231.73,65.12
908,67.66,0.243146334225403,2,354.43,59.91
129,21.06,0.2430535887242103,2,249.03,59.38
359,38.31,0.24304818050806917,2,59.27,75.28
596,48.73,0.2430383738158807,2,248.92,59.74
42,11.58,0.24303316557549318,1,232.66,88.8
293,35.5,0.24301339519904652,no data,249.43,58.04
557,46.81,0.2429856090086955,2,239.72,70.11
975,70.07,0.24283464212801661,2,243.52,68.55
723,53.2,0.24279361766975097,2,189.96,51.78
787,58.92,0.24273826237843568,2,349.45,62.77
53,13.56,0.24266673760109567,2,222.42,57.71
608,49.2,0.242598244788591,2,249.5,58.49
110,20.03,0.24241536454031426,2,244.45,68.04
423,40.95,0.24238393558824123,2,356.29,58.8
495,43.69,0.24235137090306721,2,12.38,54.93
476,43.05,0.24231554306020844,2,245.82,66.5
282,34.81,0.2423068525762872,2,248.83,60.96
244,33.23,0.24225302697736392,2,250.45,52.19
61,15.07,0.24216629515596855,1,60.5,78.85
794,59.72,0.24211196867378254,2,349.71,62.34
991,70.64,0.2420339923139154,2,249.66,58.83
791,59.11,0.24189948046572193,1,20.4,79.52
996,70.88,0.2418502030919431,2,250.58,51.19
102,19.55,0.24180764578421082,2,250.64,52.48
541,45.93,0.2417634657465219,2,248.48,62.44
395,39.59,0.24174845668899184,no data,250.34,56.35
442,41.8,0.24174796239154167,2,236.15,87.33
307,36.21,0.24170690926899635,2,249.8,58.85
1030,72.55,0.24167532444914663,2,243.02,69.98
874,65.32,0.2415795368177445,2,1.38,56.75
579,48.26,0.2415776097705375,2,237.79,70.97
147,21.77,0.2415204441367138,2,250.49,56.02
127,20.95,0.24149177696863933,2,241.66,70.99
87,17.48,0.24146826159797044,1,232.81,30.65
466,42.84,0.24143422009262905,2,249.83,59.17
734,53.68,0.24141324717917922,2,206.14,51.22
331,37.35,0.2413820486427905,2,250.7,54.83
360,38.33,0.24133141888527967,2,249.9,46.33
911,67.73,0.24130757924013163,2,224.64,59.8
551,46.51,0.24125606399501776,2,246.65,66.28
595,48.69,0.24120237172651457,2,249.82,59.55
439,41.61,0.24117885339494408,2,353.34,59.8
126,20.93,0.24117434443086938,2,246.58,66.46
857,64.45,0.24103598180204455,2,358.07,57.67
1043,73.98,0.2410132296565907,2,343.24,68.05
879,65.54,0.2409085246940245,2,250.09,46.35
797,60.07,0.24088816639176985,2,246.87,66.28
266,34.19,0.24084628385691906,2,250.63,48.36
59,14.94,0.24077092220670135,2,248.57,42.65
1003,71.17,0.24066108250197213,1,220.06,56.78
702,52.69,0.24054199643222585,2,242.59,71.34
177,24.99,0.24046043455556604,2,341.07,71.06
281,34.79,0.24039344808548274,2,250.79,57.02
63,15.26,0.24027406955964867,3,250.61,58.1
174,24.43,0.2402508715222252,2,342.94,68.03
248,33.35,0.24020485123248977,2,197.09,51.1
615,49.5,0.2401851172729324,2,249.7,61.26
917,67.9,0.2401190039181964,2,248.92,63.24
995,70.84,0.2400618224862036,2,242.77,71.67
533,45.44,0.23999320396931692,2,23.01,54.02
894,66.5,0.23988409426233367,2,248.51,64.34
940,68.76,0.2397456322080575,2,250.03,60.88
553,46.6,0.2396582668872586,2,251.52,52.33
29,10.05,0.23960113746848,2,231.84,29.65
65,15.38,0.23958710601437785,3,251.47,50.63
480,43.21,0.2394649648884355,2,0.34,56.44
919,68.04,0.23941544373698445,2,251.16,57.19
936,68.63,0.23939083706019737,2,216.64,55.2
854,64.26,0.23933405532929763,2,249.12,63.62
407,40.13,0.23911265109088695,2,163.23,72.26
881,65.61,0.23907431930593762,2,220.03,57.22
695,52.62,0.23896600922292632,2,243.5,72.12
1033,72.72,0.23889632026385513,2,191.3,52.35
101,19.44,0.23867253962685506,2,195.26,51.64
699,52.66,0.23854258557730973,2,192.79,52.09
467,42.87,0.23849176359220386,2,250.69,60.51
425,41.03,0.238479014186957,2,9.08,54.26
1053,75.71,0.23844222265516743,2,165.16,30.15
327,37.05,0.2382398162874282,2,251.67,56.99
890,66.07,0.23822062292827773,2,252.05,51.12
366,38.6,0.23817328216021266,1,218.64,56.62
47,13.22,0.23810088948370284,2,346.73,63.08
180,25.34,0.23808230939300876,2,343.75,65.95
181,25.68,0.23799800023064702,2,342.28,67.7
792,59.35,0.23799757476535738,1,150.41,64.6
249,33.36,0.23796230868972154,2,252.11,54.47
68,15.59,0.2379333214480087,2,237.47,31.43
335,37.46,0.23784241465913022,2,252.15,54.55
617,49.56,0.23775932332574007,2,27.94,53.8
954,69.34,0.23770932290246208,2,248.89,65.69
302,35.83,0.23768386377419853,2,247.08,68.84
251,33.53,0.23764858853055731,2,252.3,53.28
859,64.59,0.23756153943884573,2,357.7,56.77
1014,71.55,0.23755694191022123,2,252.33,53.43
197,29.6,0.23744495183144765,2,205.91,52.08
270,34.42,0.23735547051608644,2,252.41,53.37
696,52.64,0.23697935616299662,2,244.27,73.31
929,68.33,0.2369681145309819,2,252.0,57.86
414,40.73,0.23683028272894968,2,251.39,45.08
692,52.53,0.23665816430875886,2,3.37,54.84
725,53.34,0.23664865915959665,2,251.1,61.58
308,36.25,0.2365910890914054,2,252.27,57.23
821,61.34,0.2365683445112715,1,236.93,77.09
449,42.29,0.2364543325329738,2,233.99,83.17
405,40.09,0.23640447143274568,2,252.71,50.48
458,42.53,0.23640126397772132,2,252.69,50.24
639,50.28,0.23637072049040855,2,252.28,57.62
818,61.19,0.23636030829861057,2,251.71,60.0
140,21.46,0.23627350242579678,2,251.64,60.36
937,68.63,0.23622662841881006,2,250.04,64.71
1001,71.06,0.2361313774302775,2,252.05,59.06
316,36.65,0.2361132350602385,2,226.62,63.41
924,68.13,0.2360723468542459,2,219.25,57.56
789,58.98,0.23592358469042007,2,227.78,64.66
370,38.76,0.23576571966361345,1,222.76,60.13
652,50.81,0.23575097723833646,2,250.86,63.24
590,48.62,0.23573441261772365,2,250.25,64.72
558,46.84,0.23570659618765794,2,245.53,72.93
427,41.11,0.23569753044309705,2,241.86,84.16
544,46.11,0.23569499521179696,2,247.28,70.3
1023,72.1,0.23567153444706998,2,250.75,63.6
852,64.22,0.2355521049530185,2,252.98,49.89
433,41.39,0.23553117321486702,2,252.13,59.65
57,14.82,0.23544975445461439,2,252.32,59.03
886,65.81,0.23533308070179718,2,242.66,86.72
1031,72.59,0.23525288288675517,2,252.73,57.49
569,47.56,0.23524966462942562,2,252.6,58.14
434,41.47,0.23516990617175804,2,242.18,79.58
1024,72.16,0.23504759666068517,2,247.78,70.06
1021,71.86,0.2350328519888203,2,252.76,57.76
446,42.22,0.23500861445601695,2,253.13,55.49
539,45.77,0.2349882309442866,2,248.03,69.69
933,68.45,0.2348425300714503,2,245.26,74.23
321,36.8,0.23458664145171437,2,251.54,62.69
713,52.95,0.23449542016340455,2,203.89,52.42
263,33.97,0.23444896349353828,2,252.6,59.43
345,37.81,0.23443192818153968,2,242.72,80.5
800,60.31,0.23439289224738408,2,252.58,59.59
769,56.65,0.23433873818560244,2,10.76,52.97
675,52.0,0.23423219820595959,2,219.17,58.0
72,15.73,0.23422685498259177,2,253.53,54.33
679,52.26,0.23415713379286934,2,16.33,52.5
240,33.14,0.23391097941579045,2,253.7,53.38
182,25.69,0.2338071678014579,2,233.76,80.22
563,47.12,0.23371053714381737,2,229.27,85.79
771,56.82,0.23366457723941653,1,341.28,66.82
653,50.88,0.2336538077070856,2,253.69,54.9
445,42.19,0.2336386915026245,2,248.8,38.12
872,65.25,0.23342599985557252,2,30.34,52.98
170,23.81,0.23328126249656045,2,336.44,76.17
536,45.68,0.23313386645528794,2,252.3,62.13
21,8.97,0.23311766183668275,2,243.65,84.28
236,32.86,0.2330712922201588,no data,253.75,56.17
374,38.89,0.23287589349024926,2,253.88,55.72
931,68.44,0.2328406487616341,2,252.91,60.51
116,20.41,0.23282906640524703,2,253.82,56.29
117,20.43,0.23256562311656362,2,16.8,52.09
288,35.22,0.2324567512682305,2,10.08,52.58
494,43.67,0.23230326171464302,2,249.88,68.63
352,38.04,0.23224422394061228,2,34.47,53.38
941,68.78,0.23185396453299478,2,253.28,60.48
344,37.76,0.2318278581643143,2,254.4,50.32
108,19.92,0.2316054027935422,2,252.3,63.77
922,68.09,0.23159826445164458,2,353.0,57.0
208,30.72,0.23156751951032573,2,250.84,67.29
746,54.21,0.2315506552660802,2,355.95,55.73
744,54.11,0.23154455720548656,2,354.7,56.23
14,8.41,0.2315419655446519,2,186.24,23.54
855,64.37,0.2312636734667047,2,250.3,68.69
354,38.11,0.2312613730871438,2,254.44,55.82
883,65.72,0.2312061907249232,2,253.09,61.91
260,33.8,0.23102186972839278,2,252.75,63.13
832,63.15,0.23101446537123702,2,350.35,58.19
951,69.27,0.23088184444986956,2,252.1,65.0
893,66.36,0.2308580871436797,2,254.66,55.14
368,38.69,0.23073407738209264,2,34.72,53.05
7,7.62,0.23072657845225028,2,252.63,63.77
741,54.01,0.2307214957931685,2,350.21,58.18
478,43.17,0.23071648601461298,2,201.37,52.98
1028,72.51,0.23066845325188867,2,250.18,69.45
1,7.32,0.23066488004404176,2,251.54,66.54
114,20.38,0.2306352516945124,2,253.83,60.06
823,61.44,0.23053622029432808,2,33.62,84.79
38,11.39,0.23047790499241927,2,175.39,24.84
707,52.82,0.23036618939655384,2,248.87,72.29
942,68.89,0.23036388171542477,2,254.53,57.29
71,15.73,0.23025516784475925,2,346.09,60.73
834,63.35,0.22982996513341558,2,226.86,25.29
289,35.28,0.22981257164980848,2,252.98,42.04
825,61.57,0.22975738422803163,2,231.91,76.08
939,68.74,0.2297496165663898,2,252.95,63.88
1016,71.59,0.22971400782990445,2,253.38,62.68
73,15.75,0.22961172722721712,2,348.72,58.72
625,49.87,0.22954729937559515,2,253.76,61.67
814,61.04,0.22923703187569489,2,224.68,63.93
309,36.27,0.2292272047478817,2,252.99,64.29
33,10.69,0.2292090431914161,no data,245.72,86.6
903,67.06,0.2291515011462094,2,254.71,58.52
809,60.76,0.2291377576182579,no data,252.1,66.61
481,43.25,0.22910405318632315,2,190.21,54.74
542,45.99,0.22904964836563224,2,255.34,49.73
682,52.35,0.2289400228255524,2,3.8,52.76
496,43.7,0.2286957392308239,2,253.23,64.16
376,38.91,0.22864815269562888,2,36.39,52.89
927,68.24,0.22860133464847648,2,255.43,55.19
955,69.37,0.22847351422723244,2,255.62,53.22
745,54.16,0.2283902471187295,2,355.87,54.91
884,65.72,0.22826631960114058,2,357.59,54.27
839,63.59,0.22825296852866794,2,252.14,67.3
566,47.4,0.22821897395511911,2,250.75,70.38
603,49.02,0.22817802429970122,2,255.2,57.72
78,15.96,0.22809631521914422,2,255.74,53.4
103,19.56,0.22779138484425857,2,255.65,55.65
487,43.43,0.22774340978302315,2,35.53,52.48
899,66.8,0.22771531925353783,2,251.66,68.85
377,38.98,0.22767102734855885,2,255.8,49.5
324,36.86,0.22733889277891117,2,196.16,53.82
330,37.31,0.22705484682624388,2,254.53,61.98
887,65.83,0.22697384584494681,2,251.97,68.79
740,53.97,0.22695723849349364,2,356.35,54.36
798,60.07,0.22679582551355468,2,216.87,58.4
468,42.91,0.22670915393007765,2,248.67,76.3
613,49.39,0.22669325368703175,2,250.58,72.05
62,15.14,0.22667808682287854,2,255.4,45.34
710,52.89,0.22666997718049395,2,253.53,65.29
1009,71.35,0.2266019348433222,2,252.57,67.73
828,62.27,0.2265196689705,2,149.75,35.39
717,53.04,0.22651426406971717,2,2.28,52.51
1029,72.53,0.22627785562912875,2,248.5,77.23
1022,72.01,0.2261710905533068,2,253.29,66.36
145,21.6,0.22607364493485754,2,189.45,21.96
318,36.73,0.2260389504703389,2,24.77,83.09
732,53.66,0.2257759883190079,2,249.62,75.0
369,38.73,0.22561182866708496,1,197.46,54.01
621,49.76,0.22560321461169325,2,219.66,60.56
843,63.69,0.22558029227441678,2,255.1,61.73
950,69.24,0.22554624692567574,2,250.45,73.34
243,33.19,0.225502566057056,2,256.59,53.67
712,52.93,0.2254916019526398,2,253.47,66.51
275,34.55,0.2254601823794917,2,251.82,70.4
662,51.31,0.22543528484626996,2,355.93,54.12
484,43.35,0.22520079205730872,2,248.4,78.93
402,39.93,0.22509814407028877,1,185.34,57.51
4,7.48,0.22502205167354408,2,254.12,65.24
1040,73.53,0.22496929020050516,2,350.2,56.51
920,68.07,0.22495131744618158,2,255.08,62.49
384,39.11,0.22483545637226743,2,44.87,54.51
52,13.47,0.22481862758233986,2,220.28,61.24
40,11.55,0.22480070790324982,1,229.45,73.53
780,58.39,0.22459074437825546,2,6.65,51.19
687,52.44,0.22452383372699677,2,192.7,54.95
2,7.38,0.2239492631062928,2,256.38,58.77
92,18.39,0.22386396866521122,2,248.04,83.49
935,68.62,0.22385401976926872,2,253.95,66.73
697,52.64,0.2235781181426059,2,192.51,55.17
312,36.44,0.22342680111074617,2,253.81,67.45
612,49.35,0.22337364113211922,2,249.88,76.8
69,15.67,0.22325836807667399,2,234.06,25.44
570,47.59,0.2232535710941115,2,255.15,64.0
648,50.67,0.22322948571022425,2,359.02,52.57
698,52.65,0.22298604787659168,2,2.28,51.67
256,33.65,0.22292431054756248,2,257.25,55.54
690,52.49,0.2229127920215261,2,257.1,56.65
1027,72.46,0.2229010027991706,2,228.3,72.0
1039,73.47,0.22278862829003013,2,68.1,89.54
1019,71.81,0.22271598857287692,2,336.25,68.77
773,57.05,0.22258990122496558,2,255.22,64.43
264,34.02,0.22253735380080017,2,142.56,57.46
518,44.57,0.22251178423058263,2,359.87,52.16
37,11.37,0.22239508361175248,1,224.38,65.93
525,45.0,0.22217152490394715,1,254.86,65.82
593,48.67,0.22199606483368453,2,252.87,70.88
561,46.99,0.221899018254188,2,221.7,63.25
234,32.76,0.22186916152691202,2,257.69,54.56
858,64.55,0.2218602659505379,2,351.5,55.02
1002,71.11,0.22180685043590423,2,254.27,67.67
988,70.54,0.2217764709764623,2,254.3,67.62
497,43.71,0.2217144075931095,2,256.6,60.82
337,37.54,0.2216852247477408,2,254.48,67.24
454,42.41,0.2216626025063674,2,256.24,62.17
976,70.08,0.2216405791443537,2,255.03,65.83
284,34.96,0.22158198213459052,2,256.54,61.2
660,51.25,0.2215395719289773,2,253.5,69.77
342,37.68,0.221410785666702,2,35.8,51.04
504,44.02,0.22102374209331604,2,251.85,74.09
1000,71.02,0.22095523830497815,2,257.07,44.01
1004,71.22,0.22083336906790246,2,214.52,58.37
581,48.3,0.22080569276348577,2,31.52,85.89
811,60.89,0.2205730593401806,2,1.38,51.32
90,17.91,0.2205131785577322,2,193.54,20.49
510,44.26,0.22040467569778302,2,257.68,57.84
928,68.26,0.22017280171348938,2,253.55,70.76
956,69.41,0.22014527726780908,2,255.62,65.53
990,70.59,0.2200228379116833,2,255.97,64.64
274,34.5,0.21991132121840107,2,255.34,66.5
948,69.17,0.21977210845761336,2,255.12,67.2
122,20.81,0.21970498985324383,2,211.8,20.65
708,52.82,0.21960829009939345,2,196.12,55.21
298,35.64,0.21941215513420728,2,257.2,61.25
807,60.67,0.21935799670320258,2,255.52,66.49
523,44.9,0.21933270546073566,2,0.23,51.32
907,67.65,0.21931444881703072,2,252.83,73.18
19,8.68,0.21930385136338307,2,254.89,68.18
502,43.93,0.21911502162194146,2,250.26,80.87
842,63.65,0.2190898058755498,2,349.53,55.25
567,47.42,0.21904741740176448,2,256.96,62.49
796,60.0,0.21881043416833312,2,225.69,69.15
733,53.67,0.21875583913908855,2,252.69,73.99
190,28.94,0.2186990662530488,2,40.07,51.43
124,20.91,0.21838858948722212,2,256.94,63.22
689,52.48,0.2182766204254467,2,195.95,55.46
125,20.92,0.21822745526469625,2,157.96,26.76
319,36.76,0.21808953711251605,2,255.36,67.97
753,54.76,0.21796575687113443,2,354.84,52.66
413,40.67,0.2178512698458286,2,257.36,62.37
5,7.54,0.21783966613641423,2,258.38,58.26
415,40.77,0.217686501723099,2,259.08,53.43
974,70.02,0.2175846099886714,2,259.18,51.89
963,69.57,0.21740559412020863,2,258.47,58.46
748,54.29,0.21717119112644032,2,343.91,58.17
848,63.87,0.21699426411156175,2,2.61,50.23
729,53.62,0.2169340055541122,2,258.33,59.74
703,52.7,0.21683375920190578,2,258.22,60.32
866,64.98,0.21665170951951704,2,258.66,58.63
118,20.49,0.2165429027258294,2,256.36,66.59
898,66.71,0.21642880559985667,2,259.19,55.99
448,42.27,0.21640175766587294,2,226.9,73.43
836,63.42,0.2163807960762602,2,259.41,48.13
837,63.52,0.21631585749575954,2,220.96,64.07
882,65.62,0.2162410476497969,2,343.91,57.89
962,69.53,0.21608165969338405,2,255.99,67.96
438,41.58,0.21604422778854765,2,255.16,70.11
322,36.84,0.21588293667856223,2,255.99,68.12
930,68.39,0.21548644785182164,2,259.58,55.16
801,60.34,0.21534056572651053,2,253.25,75.48
311,36.36,0.215151711262171,2,259.8,54.02
250,33.46,0.21501866843159964,2,30.62,48.78
592,48.66,0.2147715876490532,2,253.84,74.42
862,64.75,0.2147275283386292,2,260.03,52.53
934,68.51,0.21455420538888254,2,251.42,82.66
981,70.2,0.21453280495573018,2,251.14,84.47
1017,71.62,0.2142994787056711,2,251.45,82.94
983,70.33,0.21426325479232383,2,217.4,61.55
230,32.54,0.21402147886255152,2,256.85,67.33
556,46.75,0.21387160572254307,2,225.99,79.8
465,42.84,0.21372796477388548,2,196.74,56.12
606,49.1,0.21367489879559332,2,257.68,65.28
776,57.61,0.2134655174260067,1,258.36,63.37
691,52.53,0.21338183843905384,2,259.97,56.76
850,64.13,0.2133307563651037,2,205.7,56.57
545,46.13,0.21306250285445313,2,256.08,70.1
12,8.07,0.21302269556408454,2,259.75,58.5
160,22.95,0.21300834429373056,2,260.4,54.38
688,52.44,0.21293718699095712,2,260.55,48.84
726,53.43,0.21282364656328223,2,259.63,59.32
39,11.54,0.21274994298461453,1,216.89,61.51
926,68.18,0.21264153424753043,2,260.7,50.99
971,69.94,0.21254135097399005,2,260.73,51.01
83,17.19,0.21252752369809422,2,162.99,23.27
663,51.33,0.21237844954231908,2,257.35,67.29
949,69.2,0.21235848143343114,2,257.91,65.73
685,52.4,0.2120587132013904,2,253.4,78.03
711,52.92,0.21196436068829702,2,210.41,58.17
638,50.25,0.21194049899108086,2,260.36,56.92
704,52.72,0.21192324360848178,2,260.51,56.01
51,13.46,0.2117981041092794,2,256.57,69.81
543,46.06,0.21168241457056677,2,260.6,55.87
611,49.33,0.211255758788116,2,254.95,74.38
6,7.59,0.21121378253864567,2,259.44,61.89
338,37.58,0.2110965411210677,2,34.22,48.48
394,39.56,0.21104224987397316,2,260.75,56.1
706,52.76,0.21083890738202804,2,255.36,73.64
958,69.44,0.21082116212839458,2,256.78,70.01
964,69.59,0.21064203386500202,2,260.74,44.78
984,70.33,0.21054391547733073,2,261.33,50.58
408,40.3,0.21048396280100085,2,253.01,81.1
36,11.23,0.21039487742555954,2,222.48,67.55
94,18.47,0.21027523654577285,2,255.78,72.99
320,36.78,0.21021310481513764,2,257.94,67.39
977,70.14,0.2097124776199791,2,260.45,59.6
185,26.49,0.20970160847318994,2,23.6,85.68
23,9.1,0.20965180995967073,2,147.18,30.34
99,19.11,0.20955269880346175,2,201.41,56.64
357,38.23,0.20945100657594556,2,255.49,74.38
953,69.31,0.20920977715529374,2,258.72,65.99
490,43.5,0.20889124323837555,2,261.01,58.08
538,45.73,0.20884279459771152,2,255.47,74.91
198,29.64,0.20870533864337645,2,19.1,85.61
519,44.61,0.2086584990600028,2,253.09,83.24
737,53.84,0.20860855499095282,2,346.82,53.95
346,37.83,0.20858271616018512,2,29.85,47.35
506,44.04,0.20815658680890103,2,254.39,78.62
597,48.8,0.20800912998181434,2,259.61,64.32
649,50.73,0.20782517203201256,2,19.49,46.64
738,53.87,0.20781660055784545,2,260.79,60.38
1052,75.58,0.20759293923602257,2,224.86,78.1
443,41.99,0.20753775300747743,2,257.14,71.53
215,31.36,0.20733518583024693,2,159.02,23.2
512,44.35,0.20732312932457608,2,21.02,46.55
677,52.08,0.20704856332089883,2,257.67,70.51
912,67.76,0.20702203695322272,2,197.04,57.15
475,43.02,0.2067123652701894,2,196.5,57.26
313,36.54,0.2066329016876426,2,258.66,68.18
156,22.8,0.20660629772245803,2,260.07,38.58
802,60.37,0.20621633158514413,2,356.89,49.31
895,66.54,0.20616193839407093,2,256.3,74.76
657,51.05,0.2060979729740139,2,347.71,52.85
500,43.83,0.2060384659375757,2,262.51,53.32
386,39.2,0.2057548354129176,2,40.8,48.75
578,48.22,0.2055587372226354,2,262.72,52.38
310,36.32,0.20533674945011227,2,256.87,73.86
50,13.31,0.2049915645106461,2,257.98,71.2
923,68.12,0.2049585070367991,2,259.28,67.74
600,48.92,0.20477575584497495,2,254.47,81.87
686,52.4,0.20452897314124613,2,197.81,57.46
847,63.86,0.20443546435853138,2,352.66,50.31
715,52.98,0.2043059178656865,2,17.51,45.97
642,50.37,0.2037873314284306,2,259.06,69.21
403,39.98,0.20356541538240844,2,330.39,69.59
452,42.37,0.203547898565715,2,263.36,51.08
479,43.19,0.20352945062484382,2,22.25,45.83
462,42.78,0.20340017784019176,2,35.76,47.16
336,37.53,0.20330220852022043,2,25.21,45.91
88,17.58,0.20327462682814054,2,252.13,27.78
786,58.88,0.20302144457674695,2,263.33,46.09
193,29.06,0.20301554371639596,2,262.23,59.84
735,53.69,0.20258805701517274,2,344.58,53.68
1055,76.14,0.20241326548301156,2,255.36,80.88
799,60.17,0.20180259523470104,2,262.32,60.77
10,8.02,0.201767981324476,2,169.84,19.01
599,48.9,0.20128657875522102,2,29.69,45.88
782,58.53,0.20119142776233653,2,343.38,54.05
13,8.17,0.20103207891450117,2,223.04,72.63
470,42.97,0.20082065245788042,2,255.22,83.31
192,29.06,0.20079227569495625,2,50.3,50.91
944,69.03,0.20074945896698074,2,6.79,46.12
601,48.97,0.20048155186364877,2,5.47,46.26
483,43.29,0.20040029057054132,2,74.05,86.82
632,50.11,0.20021620114682714,2,262.62,61.22
119,20.56,0.19985695203086368,2,254.54,89.73
100,19.32,0.19980741158785778,2,262.38,62.46
227,32.22,0.1996731943505445,2,264.46,47.76
44,11.71,0.19963203490835246,2,138.05,36.37
618,49.64,0.1995388243773239,2,264.46,51.66
325,36.99,0.19922378591283044,2,255.37,84.7
788,58.93,0.19921018520339356,2,12.91,87.97
429,41.28,0.1990707429243283,2,1.6,46.67
469,42.91,0.19877135667024118,2,23.59,44.96
565,47.24,0.19866758762932069,2,256.5,80.34
332,37.4,0.19860762537479545,2,261.34,66.68
276,34.59,0.19824593400235496,2,260.12,70.31
464,42.84,0.1981970869388392,2,262.33,64.01
938,68.68,0.19815821726192154,2,34.55,45.91
736,53.7,0.19812630667287842,2,260.76,68.66
493,43.56,0.19796633923384488,2,39.0,46.71
351,38.04,0.19771576770745333,2,264.46,55.87
973,69.99,0.19760634526005968,2,1.54,46.39
48,13.25,0.1966644546949072,2,262.08,65.98
587,48.49,0.19663649759007923,2,259.74,72.43
722,53.2,0.19618229432771597,2,260.27,71.33
793,59.69,0.19611789880249347,2,205.35,59.18
60,15.06,0.19592615299547608,1,73.37,76.25
435,41.5,0.19590641955802515,2,264.95,55.81
111,20.12,0.1953955688350023,2,256.56,83.5
210,30.79,0.19538491939958455,2,264.81,41.27
588,48.51,0.19531834578220322,2,260.16,72.21
681,52.33,0.1951244150568936,2,210.6,61.08
328,37.15,0.19502721921778945,2,257.09,81.61
3,7.42,0.19495190190111425,2,261.96,67.58
684,52.39,0.19472831518411352,2,199.16,58.82
134,21.24,0.1947034995288866,2,262.73,65.53
378,39.0,0.19468438958279424,2,41.6,46.66
16,8.43,0.19463181796950652,2,259.25,75.13
348,37.93,0.19410753607470158,2,262.63,66.27
89,17.83,0.19397631396326237,2,198.85,15.07
623,49.8,0.19378887335314224,2,259.03,76.34
84,17.27,0.19279372969327221,2,223.23,16.15
139,21.45,0.19271677319891561,2,28.81,44.16
398,39.74,0.19259004220048687,2,266.47,49.98
820,61.24,0.19255122515186984,2,218.57,83.81
372,38.84,0.19231308520350096,2,213.54,63.19
80,16.43,0.1921181210470436,2,256.75,86.9
562,47.12,0.19210006877077648,2,257.8,81.66
680,52.31,0.19190806498426247,2,206.2,60.0
18,8.51,0.19152709200264048,2,45.79,47.2
900,66.84,0.19138942397887942,2,261.89,70.22
665,51.42,0.19131435331614827,2,261.89,70.27
326,37.04,0.1912758324581488,2,258.16,81.06
431,41.33,0.19104644490633618,2,266.65,52.94
224,32.06,0.19079847278154427,2,265.71,39.23
739,53.94,0.19071722316979386,2,264.15,64.24
667,51.48,0.19054187699209404,2,263.92,65.08
32,10.56,0.19054138043882085,2,160.95,18.38
323,36.85,0.1902932930151811,2,258.13,82.08
607,49.16,0.19004456841461273,2,259.22,78.52
901,67.01,0.1895683974337326,2,195.94,59.86
784,58.83,0.18943019320248036,2,0.08,45.09
498,43.74,0.18936813384251983,2,17.13,43.17
1032,72.72,0.1893458914388001,2,264.77,63.35
491,43.54,0.1891183560696281,2,264.82,63.37
761,55.64,0.18876348761800912,2,213.66,63.91
656,51.04,0.1885711624080495,2,16.58,43.04
157,22.84,0.18855767455274297,2,45.3,46.44
461,42.74,0.1882404379149018,2,24.6,43.05
598,48.87,0.18819787864015922,2,260.38,76.42
217,31.52,0.1871768584591781,2,144.39,24.08
455,42.49,0.18693859069052945,2,265.51,62.87
20,8.7,0.18676356304223857,2,263.59,68.67
228,32.47,0.1859976352535091,2,76.57,81.05
918,67.98,0.18572133594980877,2,261.91,73.85
724,53.28,0.18554360777852663,2,27.81,42.76
363,38.5,0.18541590411187084,2,267.23,57.88
155,22.72,0.18536976393400484,2,186.4,13.86
763,55.67,0.18523124799596546,2,132.1,39.06
1007,71.26,0.18491742627388894,2,77.24,84.08
75,15.81,0.18487589003708715,2,263.72,69.55
583,48.4,0.18461099939095624,2,260.69,78.0
362,38.43,0.18430300038442168,2,260.85,77.74
826,61.67,0.1841875714407477,2,209.16,89.04
8,7.78,0.18415546456821416,2,147.98,21.17
132,21.2,0.18385490009986766,2,263.4,71.06
128,21.01,0.18374896702883453,1,261.65,75.83
947,69.09,0.18367283276047747,2,75.77,74.68
993,70.72,0.18355197716270225,2,40.27,44.17
658,51.11,0.1835071872992597,2,218.31,69.86
340,37.64,0.18314376096016022,2,39.15,43.86
96,18.64,0.18307785269006752,2,35.76,43.24
945,69.05,0.18289741432141393,2,260.39,80.19
422,40.94,0.1828699971861517,2,267.44,59.59
1013,71.49,0.18255220265104433,2,261.04,78.39
211,30.85,0.18225330582765417,2,260.32,80.93
1054,76.01,0.18130676321518785,2,51.83,47.23
383,39.09,0.18127783467421715,2,267.1,62.16
1035,72.95,0.18107481347711102,2,7.35,42.36
381,39.04,0.18100803434094073,2,48.83,46.04
651,50.78,0.18032899645713296,2,23.4,41.59
714,52.96,0.18010230731958088,2,35.54,42.66
824,61.52,0.17992352945402396,2,346.02,47.61
399,39.8,0.17934345215531886,2,268.28,59.67
379,39.01,0.1788493648713838,2,267.55,62.59
195,29.18,0.17849763257710743,2,50.55,46.14
742,54.01,0.17817772524985936,2,262.33,77.54
902,67.05,0.17808573010829765,2,49.05,45.52
460,42.7,0.17805681052403347,2,262.42,77.36
428,41.28,0.17686093998890873,2,269.69,56.4
436,41.52,0.17664312621825132,2,268.67,60.61
382,39.05,0.1763805103798098,2,269.49,57.77
339,37.61,0.17578835105210136,2,48.18,44.77
371,38.79,0.1755807850798935,1,159.63,15.24
602,48.98,0.1753571583509357,2,261.2,83.38
81,16.5,0.17500061060899474,2,77.72,74.87
683,52.36,0.17488301260035857,2,265.04,72.22
516,44.48,0.17469005286271314,2,19.07,40.55
591,48.63,0.1744361259706647,2,28.8,40.87
515,44.43,0.17424940405012418,2,266.57,68.55
199,29.85,0.17409581357550794,2,199.03,89.58
1006,71.24,0.17321496040546117,2,55.15,46.92
473,42.99,0.17307840647197553,2,263.39,77.77
24,9.39,0.17299810869039997,2,130.5,32.34
705,52.75,0.17252081603610997,2,29.43,40.59
375,38.91,0.17227985420715966,2,263.25,78.69
693,52.59,0.17169425973936947,2,265.46,73.0
778,58.16,0.17132873208693672,2,192.79,63.19
390,39.46,0.17076330326960595,2,36.57,41.14
586,48.49,0.17058787763684458,2,32.49,40.56
459,42.57,0.17045480791738432,2,271.77,54.04
513,44.39,0.17037247918703,2,33.48,40.64
349,37.99,0.1689289296636345,2,262.5,83.65
137,21.31,0.1685618105465117,2,4.61,40.49
385,39.11,0.16830957128658083,2,263.37,80.98
226,32.14,0.16765753232942152,2,268.33,67.84
167,23.6,0.1668837811725177,2,31.47,39.81
779,58.2,0.16653089182753714,2,195.71,63.02
105,19.71,0.1665072620275919,2,272.38,55.77
668,51.5,0.16608075955950088,2,46.86,42.49
343,37.75,0.165548218807615,2,47.29,42.51
548,46.23,0.1652609168442561,2,23.5,39.01
355,38.12,0.16511993407539674,2,43.12,41.37
222,31.95,0.16462986820133002,2,39.74,40.59
34,10.83,0.16393778353347033,2,218.81,10.35
1015,71.56,0.16350214997873064,2,33.88,39.5
585,48.47,0.1625825649133335,2,265.67,77.73
594,48.68,0.16246329476662427,2,36.61,39.69
925,68.14,0.16223687239134843,2,48.7,42.29
168,23.68,0.16209806343943325,2,355.93,40.9
630,49.95,0.16145980044453762,2,43.59,40.81
350,38.01,0.16137126028632898,2,81.97,83.3
305,36.06,0.16131796434361212,2,82.46,87.18
489,43.5,0.1611069326411892,2,44.26,40.9
969,69.81,0.1607085985358317,2,272.42,60.65
130,21.15,0.1599358708602579,2,270.43,66.85
183,25.8,0.1597204801213336,2,0.83,39.52
205,30.41,0.1596093895820983,2,201.78,63.55
511,44.29,0.15806333624965443,2,33.24,38.5
171,24.27,0.15791420907902617,2,202.71,63.88
194,29.08,0.15755620233302925,2,273.44,59.75
965,69.64,0.1569571748033598,2,11.22,37.86
774,57.18,0.15665476288586894,2,208.95,85.11
980,70.19,0.15658667262568407,2,185.2,71.63
280,34.75,0.1556473124276384,2,264.84,85.1
97,18.72,0.15442194797585918,2,129.91,22.38
863,64.8,0.1540783468709837,2,33.41,37.85
777,57.65,0.15341903060725842,2,72.86,54.52
904,67.41,0.15139502395010823,2,29.99,37.08
575,47.98,0.15075813610853392,2,47.15,39.72
11,8.02,0.15041187458838876,2,84.18,84.07
666,51.45,0.14948653806794374,2,271.64,69.61
297,35.62,0.14905549486549685,2,51.62,40.67
229,32.53,0.14896060181802429,2,268.36,78.09
992,70.69,0.1476248426619182,2,273.29,66.51
162,23.07,0.14734226443817033,2,18.21,36.03
225,32.13,0.1454456124888429,2,353.34,38.5
159,22.9,0.14530503289126023,2,277.77,55.04
430,41.3,0.14449508223103552,2,84.76,79.6
1012,71.48,0.14441586207663776,2,84.01,74.63
166,23.4,0.14197522862684797,2,36.8,36.25
554,46.61,0.1419260553364513,2,35.09,36.03
819,61.23,0.14168597695428975,2,30.33,35.53
333,37.41,0.1412549134361948,2,44.75,37.47
46,13.2,0.1409888269263532,1,85.55,80.54
9,7.83,0.13700006210217205,2,205.98,67.58
829,62.33,0.13520846968739897,2,211.96,77.14
889,66.03,0.1347482553152125,2,62.76,42.13
978,70.15,0.1346521267334265,2,197.25,66.85
27,9.76,0.13110950344462619,2,120.89,19.39
979,70.19,0.1298436500093573,2,86.11,69.92
169,23.8,0.12974005155229862,2,313.02,72.27
463,42.78,0.12963170321742815,2,273.17,75.86
906,67.49,0.12958853360233105,2,35.57,34.08
664,51.39,0.12956203161234087,2,79.17,53.61
412,40.56,0.12782109552212187,2,47.96,35.81
759,55.34,0.1260162382925471,2,201.35,67.82
392,39.49,0.12548397466261593,2,279.42,63.82
347,37.88,0.12120670145748787,2,277.76,69.65
106,19.75,0.12079360849428074,2,247.64,4.34
146,21.64,0.1189559584999533,2,17.56,31.61
457,42.52,0.11878410059900524,2,89.89,82.21
451,42.33,0.11740967018335702,2,53.52,35.29
213,31.28,0.1172481839484123,2,89.95,79.39
905,67.44,0.1161799031263901,2,58.8,36.63
22,9.09,0.11551938289893712,2,59.98,36.9
373,38.88,0.11465868130895084,2,90.38,78.5
26,9.66,0.11398310079032381,no data,207.51,73.05
661,51.28,0.11382778195924931,2,111.11,47.68
1018,71.69,0.11228198813864132,2,66.26,38.7
77,15.89,0.11197237310280829,2,90.76,76.55
453,42.38,0.10922370439744114,2,107.79,35.35
421,40.9,0.10852390767062538,2,309.81,63.35
150,22.09,0.10824280363528524,2,42.76,31.54
214,31.35,0.10748636482203897,2,91.44,73.29
864,64.91,0.10468371683684921,2,19.38,29.44
957,69.42,0.10386897099937795,2,313.89,50.46
749,54.33,0.1038524050163848,2,111.19,56.99
136,21.31,0.10383743075349942,2,308.22,64.75
271,34.47,0.10354086005984725,2,105.69,37.06
152,22.36,0.10241751706161291,2,89.02,55.41
133,21.23,0.10233067976778001,2,307.41,67.72
635,50.19,0.10232114441004672,2,92.34,69.76
401,39.91,0.10145480768476377,2,105.35,41.73
827,61.96,0.10038043898749521,2,197.15,72.22
659,51.23,0.09937733263331569,2,108.35,54.44
202,30.14,0.09902086563259159,2,24.85,28.66
673,51.93,0.09863774921559987,2,108.51,55.4
730,53.62,0.09861210745297612,2,86.03,48.19
292,35.46,0.09826009943999932,2,53.43,31.74
718,53.09,0.09590959916034321,2,277.69,81.13
961,69.52,0.09549889360262794,2,312.51,47.27
619,49.68,0.09521321542187192,2,91.16,53.3
163,23.1,0.09491384666527947,2,105.14,51.86
622,49.78,0.09481709377956107,2,105.39,52.53
388,39.41,0.09422053005002809,1,285.92,67.06
671,51.71,0.09414354549957661,2,105.39,53.28
795,59.78,0.09372448239300657,2,112.85,65.92
629,49.94,0.09364398676228182,2,102.85,47.51
149,22.09,0.09249602973994459,2,304.61,67.5
721,53.19,0.09246016410890308,2,94.91,79.88
631,50.1,0.09201390934101508,2,93.91,55.92
628,49.89,0.0920044871242118,2,88.44,46.7
300,35.79,0.09163450558709574,2,100.41,37.11
400,39.83,0.09138142095701815,2,43.71,28.89
1037,73.09,0.09106634078817923,2,47.83,29.42
397,39.72,0.09098730609629853,2,59.46,31.77
546,46.15,0.09097313114875555,2,92.88,51.44
678,52.15,0.09082041935087848,2,106.94,58.88
176,24.87,0.09076966036179776,2,95.44,69.34
670,51.63,0.09029703746137406,2,102.2,52.02
627,49.89,0.08896651616297623,2,99.29,47.73
754,54.8,0.08874543701844617,2,98.94,47.08
641,50.31,0.08857879377914905,2,93.72,48.91
803,60.41,0.08849627163977078,2,64.0,32.49
524,44.95,0.08832388345076568,2,98.4,46.89
672,51.76,0.08811529068718417,2,105.96,59.71
522,44.87,0.08743429461531634,2,97.73,56.56
655,50.96,0.08740897263377405,2,97.9,39.2
676,52.07,0.08731692051512725,2,107.76,62.43
727,53.53,0.08730083376108934,2,96.02,85.03
1051,75.28,0.08682701176078812,2,97.76,36.0
416,40.79,0.08607534162303376,2,302.5,68.58
1048,74.59,0.08513155065747349,2,24.3,26.57
982,70.24,0.08507749104105558,2,96.63,36.15
141,21.47,0.08373211604715235,2,301.89,70.38
986,70.43,0.0837160120721301,2,285.28,72.89
1038,73.23,0.08358207213603298,2,43.85,27.61
853,64.23,0.08307103649357206,2,89.64,40.52
989,70.58,0.08266036597932439,2,91.26,40.21
669,51.55,0.08083643795764595,2,92.5,37.12
419,40.84,0.07825178228912245,2,299.66,70.32
387,39.26,0.07824971646303207,2,299.55,70.02
154,22.58,0.07216652976796566,2,83.98,32.26
1046,74.46,0.07196805110190231,2,26.98,24.65
296,35.57,0.06733074687607189,2,53.72,25.92
719,53.14,0.06415598902097759,2,288.26,78.1
849,64.01,0.06245880408999753,2,296.4,79.54
247,33.33,0.04850757959808203,2,113.59,89.38
1056,76.3,0.028075347241089066,2,27.95,15.72
